ID,Name,Age,Email,Date of Joining,Salary,Department,Performance Score,Remote Work,Manager ID
1,Victoria Shelton,19,debrahurst@hotmail.com,2012-03-27,46862.48,Legal,4.42,True,48.0
2,Jacqueline Harrison,53,travis79@powell.biz,2023-11-24,92795.56,Sales,1.05,False,60.0
3,Catherine Taylor,64,mlee@gmail.com,2023-01-16,117333.78,Legal,2.44,False,5.0
4,Richard Walker,28,khoward@yahoo.com,2012-09-24,45774.8,Sales,3.92,True,55.0
5,Roger Whitaker,28,rachelgilbert@yahoo.com,2015-02-23,48176.98,HR,1.69,False,26.0
6,Michelle Turner,42,xmitchell@gmail.com,2011-05-16,92435.1,Finance,3.08,True,48.0
7,Jordan Simmons,49,reneeoneal@taylor.net,2017-02-11,100123.85,Marketing,1.22,False,97.0
8,Ashley Adams,61,thompsonpaige@yahoo.com,2021-02-12,74149.41,Sales,1.8,True,5.0
9,Angel Taylor,45,pateldustin@sullivan.com,2018-04-12,84871.78,Sales,1.07,False,78.0
10,David Randolph,31,whitekevin@gonzalez.com,2011-11-19,49141.42,Legal,4.17,False,34.0
11,Cynthia Mays,32,villanuevaanthony@rojas.biz,2023-05-19,72895.28,Legal,1.9,True,3.0
12,John Whitaker,23,gail79@rios.com,2015-12-23,40086.47,Finance,2.38,True,74.0
13,Diana Montgomery,41,morristami@yahoo.com,2014-01-01,58927.97,Sales,4.71,False,44.0
14,Jeffrey Hebert,60,brian70@sanchez.com,2013-09-27,55630.17,Finance,3.82,True,90.0
15,Taylor Wilkerson,57,jnewton@wagner-jackson.net,2019-03-14,70016.28,Marketing,1.13,False,47.0
16,Douglas Livingston,55,bpark@ortiz.org,2011-05-28,113711.37,IT,1.66,True,43.0
17,Austin Maldonado,56,sbrennan@conley.org,2012-12-25,46314.09,Marketing,3.49,False,86.0
18,Michael Jensen,29,tranian@gmail.com,2018-08-06,66124.94,IT,3.31,False,58.0
19,Gary Garcia,61,vburgess@stokes.com,2014-07-07,85403.75,Finance,1.95,True,82.0
20,Joseph White,42,deanna48@thompson.com,2019-10-08,115190.14,IT,4.74,False,17.0
21,April Thomas,35,hernandezwendy@martinez-wilson.com,2013-11-02,41983.34,Legal,3.46,True,76.0
22,Albert Nguyen,39,powelljeffery@hotmail.com,2021-05-01,112608.9,HR,3.14,False,66.0
23,Michael Gonzalez,48,gonzalezmadeline@tran.biz,2015-07-28,37294.84,Marketing,3.36,False,11.0
24,Amy Thomas,36,amandamorrow@williams.com,2019-10-02,73266.73,Legal,3.92,True,32.0
25,Keith Jones,43,xmcdaniel@parks-harris.info,2016-04-06,70913.09,Finance,2.25,True,13.0
26,Lee Gonzalez,47,ccallahan@freeman.info,2019-12-29,48864.25,Marketing,2.59,False,91.0
27,Denise White,55,scott90@moreno.com,2014-05-31,61271.37,Operations,1.84,True,13.0
28,Alexis Williamson,58,aprilkirby@jones-ali.com,2018-07-10,70874.87,Legal,1.74,True,34.0
29,Dana Ward,60,joseph08@gmail.com,2015-06-12,107869.03,Marketing,4.78,False,3.0
30,Shannon Berry,49,kathryn68@yahoo.com,2016-07-04,115955.77,IT,3.96,False,88.0
31,Bonnie Young,57,neil30@dodson.com,2024-05-04,76703.31,Finance,2.96,False,18.0
32,Barbara Johnson,29,janetharris@hotmail.com,2011-08-11,108308.98,HR,1.91,False,79.0
33,Joshua Frederick,32,nelsonandrea@yahoo.com,2014-12-14,84735.44,Operations,2.02,True,98.0
34,Melanie Hinton,50,hjennings@yahoo.com,2015-08-12,61417.86,HR,1.23,False,84.0
35,Samuel Fernandez,19,sarahgeorge@smith-pacheco.com,2011-01-24,47477.48,Legal,2.74,False,17.0
36,Laura Johnson,19,lisa67@gmail.com,2014-01-05,67182.13,Operations,2.25,False,48.0
37,Catherine Villa,54,snielsen@owen.com,2022-10-26,77054.19,Finance,3.79,True,26.0
38,Adam Rodriguez,43,lawrencekrista@yahoo.com,2015-09-20,33999.9,Sales,2.51,True,73.0
39,Leslie Haynes,30,ashleyhailey@hotmail.com,2019-08-17,43125.7,Marketing,1.72,True,84.0
40,Patricia Bailey,26,znavarro@snyder-doyle.info,2014-02-04,84016.6,HR,1.1,True,40.0
41,John Garcia,30,zmoore@hotmail.com,2019-11-28,50250.14,Finance,1.27,False,25.0
42,Tina Duncan,42,russellperkins@yahoo.com,2021-08-01,105359.37,Sales,3.72,False,53.0
43,Christopher Hicks,37,ihaley@hotmail.com,2022-07-28,59424.8,Finance,2.81,False,65.0
44,Sharon Miller,21,jacksonanthony@black-farrell.com,2015-05-22,39435.08,Marketing,3.15,True,64.0
45,Tyler Dorsey,28,ahill@nguyen.info,2020-10-22,37517.75,Operations,4.59,True,15.0
46,David Parks,25,davidburke@yahoo.com,2013-08-31,114341.07,IT,4.96,True,71.0
47,Monica Jackson,46,morenolaura@lopez.com,2010-08-06,40621.83,Marketing,1.87,True,13.0
48,Shawn Bird,32,tonymiddleton@gmail.com,2019-01-09,42681.88,Sales,3.65,False,88.0
49,Lisa Tucker,26,hsmith@baker.com,2013-02-28,107639.95,Sales,2.05,False,60.0
50,Jennifer White,64,mfitzpatrick@hotmail.com,2015-04-03,52885.93,Legal,1.08,False,15.0
51,Barbara Hall,53,wallamber@hotmail.com,2016-11-10,89935.63,Marketing,4.03,True,65.0
52,Andrew Wright,53,michaelreyes@dixon.com,2015-03-11,103505.31,Finance,2.28,True,57.0
53,David Garner,35,mary41@yahoo.com,2022-04-21,84646.26,HR,2.53,True,60.0
54,Michael Holloway,41,taracharles@harper.com,2012-09-04,116173.97,Legal,3.35,False,22.0
55,Whitney Price,30,iwilliams@gmail.com,2011-03-22,93799.46,Marketing,4.32,False,58.0
56,Melissa Todd,63,zcaldwell@yahoo.com,2020-03-02,40147.64,HR,3.52,False,70.0
57,Sheila Robinson,25,benjamin51@martinez-blake.com,2020-09-09,80256.9,HR,4.49,False,43.0
58,Erin Coleman,65,brady10@yahoo.com,2022-10-24,94636.79,Operations,2.09,False,16.0
59,Matthew Prince,64,nathan07@diaz.com,2017-08-15,102176.15,Legal,4.19,False,53.0
60,Jessica Lloyd,57,lparker@mason-hooper.com,2011-07-02,32368.92,Sales,1.74,True,32.0
61,Angela Foster,48,james31@hotmail.com,2022-05-23,94699.1,Operations,4.81,True,48.0
62,Sydney Jones,37,wmeyer@west.com,2019-01-24,104311.27,Legal,3.75,True,10.0
63,Jamie Smith,60,sara44@beck.biz,2014-04-20,97215.04,Legal,1.86,True,72.0
64,Eric Berg,63,james91@gmail.com,2016-05-28,76111.42,Operations,4.79,False,64.0
65,Yvonne Luna,19,ryan98@gmail.com,2023-05-10,71221.89,Operations,3.92,False,42.0
66,Glenn Reyes Jr.,61,sschultz@williams.com,2018-05-13,79447.67,HR,2.02,False,29.0
67,Gabriel Mendoza,36,williamsbrandon@neal-winters.biz,2018-02-17,93417.93,Marketing,1.85,True,58.0
68,Tiffany Clark,32,gibbsjill@boyd.info,2021-12-15,113062.29,Sales,3.07,False,31.0
69,Pamela Turner,43,herrerawilliam@gmail.com,2018-12-01,85533.17,Legal,1.1,False,44.0
70,Nicholas Soto,55,blackwelllynn@hotmail.com,2012-11-02,109905.09,Legal,1.83,False,61.0
71,Michelle Dillon,26,brittneycalderon@cook.com,2018-05-09,93113.12,Finance,2.7,False,99.0
72,Patrick Fernandez,52,tward@hotmail.com,2017-07-29,36150.27,IT,2.5,True,52.0
73,Stacey Reynolds,44,tamaraalvarado@hotmail.com,2020-07-22,75074.54,Operations,2.85,False,3.0
74,Jennifer Jackson,29,zhudson@gmail.com,2021-09-18,55783.77,Finance,2.11,False,57.0
75,Paige Foley,62,wcraig@gmail.com,2014-06-17,55665.74,Operations,3.35,False,92.0
76,Peter Baker,29,christopher85@gmail.com,2020-10-13,62033.48,Legal,4.46,False,
77,Richard Benson,58,sanchezlindsay@hotmail.com,2010-11-25,58325.95,HR,1.47,True,70.0
78,Crystal Arnold,54,robert58@smith-rivers.com,2014-08-12,82074.9,IT,3.07,False,51.0
79,Chloe James,30,johnsonseth@tran.com,2019-05-17,91524.14,Marketing,1.53,False,97.0
80,Dominique Carpenter,35,jennifer61@roberts.com,2015-02-27,54187.44,IT,3.87,True,99.0
81,Tasha House,49,tammy11@larsen.com,2017-08-28,41678.64,IT,2.58,False,57.0
82,Tracy Nelson,28,joy41@hotmail.com,2017-08-07,35292.78,Legal,3.26,True,28.0
83,Misty Munoz,28,ortegajessica@parsons-petersen.com,2011-10-11,81817.76,IT,1.73,True,54.0
84,Donna Vasquez,29,phillipsnicole@lyons-lyons.com,2011-10-16,46751.71,Legal,1.58,True,30.0
85,Jordan Johnson,47,victor71@castillo-allison.net,2020-03-28,30832.32,Marketing,2.95,False,32.0
86,Shannon Davenport,52,dixonmichael@hotmail.com,2014-04-22,113497.78,Sales,2.42,False,61.0
87,Eric Smith,28,ilucas@hotmail.com,2012-11-17,78342.64,HR,4.76,False,60.0
88,Sherry Ross,30,stephanie39@montgomery-wallace.com,2014-06-16,38320.34,HR,4.06,True,18.0
89,Ricky Hines,57,bjackson@patel.org,2017-12-11,105862.9,Finance,3.99,True,29.0
90,Sheena Perez,28,smithjeremy@rogers.biz,2023-03-14,118488.25,Marketing,4.61,True,56.0
91,Samantha Mccormick,20,lindaforbes@wright-whitney.com,2010-07-19,70374.06,Sales,1.33,False,36.0
92,Donald Brown,65,kboone@yahoo.com,2015-02-27,33824.06,HR,3.21,True,46.0
93,Daniel Warren,29,davidwarren@yahoo.com,2015-06-19,40579.13,Finance,3.34,False,83.0
94,Maureen Nelson,64,sheilareyes@gmail.com,2015-05-26,64348.84,Marketing,4.85,True,62.0
95,Stephen Oneill,59,bbecker@jones.com,2019-03-20,109697.04,Finance,2.17,True,76.0
96,Jessica Jones,45,wgray@yahoo.com,2013-09-16,43323.48,Operations,1.96,True,19.0
97,Helen Thompson,21,daniellehill@gmail.com,2019-07-25,104159.11,HR,1.4,False,66.0
98,Matthew Jones,34,wmendoza@gmail.com,2022-09-16,31347.86,Marketing,1.07,False,87.0
99,Kristina Roy,18,uclay@yahoo.com,2022-01-13,71164.98,Finance,4.72,True,11.0
100,Tyrone Washington,31,crystal95@yahoo.com,2010-10-03,87995.74,Legal,3.68,True,24.0
101,Gabrielle Riddle,56,jphillips@yahoo.com,2012-06-09,35434.15,Marketing,4.14,False,38.0
102,Amy Nichols,22,rmartin@yahoo.com,2015-01-16,85328.65,IT,2.13,True,66.0
103,Calvin Blake,21,joshua79@hotmail.com,2021-02-06,114996.37,Legal,3.35,True,80.0
104,Luke Barnes,37,andersonyolanda@yahoo.com,2024-03-03,44423.39,Marketing,1.26,False,86.0
105,Joshua Reilly,35,dana49@hotmail.com,2022-05-04,95665.02,Marketing,2.94,False,15.0
106,Jacob Case,34,graychelsea@hotmail.com,2012-07-25,84818.45,Marketing,4.91,False,7.0
107,Nathaniel Robles,25,jamesrobinson@hotmail.com,2019-12-02,46660.47,Finance,4.51,False,19.0
108,Ms. Megan Torres,42,sandersjesse@martinez-house.com,2023-01-21,30558.31,Sales,2.35,True,43.0
109,Carlos Smith,29,parkertroy@hotmail.com,2011-12-13,30835.6,HR,4.85,False,4.0
110,Nicholas Hart,40,kimberly27@gmail.com,2024-03-31,77888.32,Marketing,1.93,False,42.0
111,Jason Meyer,45,andersondaniel@delgado-chen.com,2018-01-24,114850.15,Legal,4.8,False,79.0
112,Daniel Miller,20,jacob46@white.com,2011-03-26,87986.88,Sales,4.77,True,20.0
113,Mark Brown,26,samantha97@hotmail.com,2019-06-13,94286.99,Finance,4.2,False,98.0
114,Amanda Velazquez,26,aaron13@cook.net,2012-05-14,74447.89,Marketing,3.52,True,59.0
115,Adrian Vasquez,43,zimmermancarmen@miller.com,2011-08-04,82370.0,IT,4.5,False,49.0
116,Cheryl Berry,56,laura62@gmail.com,2022-12-27,41373.08,Finance,2.17,True,86.0
117,Anthony Carlson,51,sanfordamanda@hotmail.com,2018-10-09,108913.86,IT,4.4,True,24.0
118,Amanda Edwards,42,umassey@gmail.com,2022-08-24,98471.34,IT,3.47,True,52.0
119,Raymond Nichols,39,hobbslisa@hansen.org,2012-03-12,119837.91,Legal,1.05,False,63.0
120,Benjamin Miller,22,cmclaughlin@wells-green.net,2019-03-18,56795.07,IT,2.39,False,24.0
121,Thomas Taylor,49,jonathanrobinson@yahoo.com,2023-01-27,50431.6,HR,1.59,False,21.0
122,Patrick Maldonado,29,nnixon@gmail.com,2022-05-20,41264.55,Marketing,4.93,False,50.0
123,Kimberly Mitchell,55,mark06@ramirez-barrett.com,2017-04-04,116778.88,Operations,2.91,False,6.0
124,Maurice Patrick,25,suzannefriedman@carroll-ferguson.info,2019-07-22,100279.67,Finance,2.99,False,100.0
125,Dr. Jeremy Cook,40,cowananthony@yahoo.com,2020-05-12,44969.22,Sales,3.56,True,98.0
126,Timothy Johnson,60,wrightandrew@yahoo.com,2016-03-09,79741.78,HR,2.47,True,43.0
127,Eric Stewart,49,davidbrown@davis.com,2011-10-01,67239.14,HR,1.55,False,97.0
128,Scott Wilson,27,peaton@gmail.com,2011-05-28,43633.74,Operations,4.29,True,87.0
129,Mario Kaufman,36,stephaniegutierrez@gmail.com,2014-02-23,44586.57,Legal,1.76,True,66.0
130,Jason Paul,41,wendy60@ellison-crawford.com,2019-09-30,116712.3,IT,3.05,False,24.0
131,Jessica Hamilton,37,rachelrogers@hotmail.com,2020-07-04,57446.78,IT,1.9,True,92.0
132,Aaron Evans,43,timothyortega@stewart.com,2013-07-17,114729.54,HR,1.39,True,41.0
133,Ronald Stewart,23,frobinson@kaiser.com,2017-03-18,36804.96,Legal,4.45,True,23.0
134,Joshua Figueroa,43,justin94@yahoo.com,2020-07-25,71472.27,HR,4.89,True,66.0
135,Hannah Beck,63,kevinhorton@hotmail.com,2014-11-30,41665.71,Operations,4.84,False,69.0
136,Kevin Stevens,65,carolynwilcox@hotmail.com,2012-02-21,30430.86,Legal,4.63,True,91.0
137,Nancy Hunter,42,jamie51@yahoo.com,2014-11-19,79838.95,Marketing,4.1,True,76.0
138,Ryan Ellis,62,camachosandra@gmail.com,2019-02-27,40250.47,Operations,2.33,True,74.0
139,Terri Fuller,44,ian74@lee-williams.org,2013-01-27,94982.21,Sales,1.32,False,55.0
140,Elaine Griffith,61,victoria60@hotmail.com,2013-12-25,92830.47,Legal,2.63,True,19.0
141,Louis Bridges,50,greenemegan@thomas.net,2018-11-20,45869.96,Operations,1.93,False,81.0
142,Dominique Smith,48,gregory08@hotmail.com,2019-10-27,114756.79,Marketing,1.53,False,88.0
143,Duane Clark,32,wyattchristopher@hotmail.com,2015-12-26,94893.91,Finance,1.21,False,79.0
144,Kara Wilson,25,wwilson@yahoo.com,2020-04-09,56817.32,Marketing,3.9,False,63.0
145,Brooke Marshall,50,joseph28@campbell.info,2024-05-31,93831.04,Legal,1.05,True,84.0
146,Andrea Wilson,19,xgreen@turner.org,2019-06-19,95873.72,IT,4.08,False,73.0
147,Brandon White DDS,65,benjamin61@yahoo.com,2017-09-09,60800.37,Legal,1.59,False,27.0
148,Laura Mendoza,63,shawnatkins@hotmail.com,2015-08-01,63802.97,IT,1.32,False,76.0
149,Angela Baker,61,danielle80@vance.net,2013-07-31,62319.59,Operations,1.36,False,56.0
150,Mark Moore,44,brentgeorge@hotmail.com,2021-03-23,85495.66,Marketing,3.69,False,4.0
151,Jerry Owens,33,bakermatthew@graham.biz,2018-12-03,111036.91,Legal,1.98,True,31.0
152,Andrea Mathews,22,yolanda85@russo.com,2019-03-18,45587.39,Sales,2.68,False,62.0
153,Morgan Morales,28,brendan02@gmail.com,2022-11-21,108767.96,Marketing,3.23,False,77.0
154,Matthew Davidson,39,lauraholmes@hotmail.com,2021-03-02,32488.78,Finance,4.44,True,40.0
155,Spencer White,57,csmith@hotmail.com,2012-11-03,89430.47,Sales,3.91,True,71.0
156,Ian Harris,60,btate@yahoo.com,2021-03-20,67299.5,Sales,2.08,True,93.0
157,Lori Welch,61,johnsonchristopher@matthews.com,2023-12-30,101215.34,Operations,1.53,True,25.0
158,Gregory Johnson,48,bduran@yahoo.com,2023-07-18,94907.83,Operations,1.22,False,
159,John Garcia,40,omartin@yahoo.com,2023-09-20,73209.7,Operations,2.21,True,5.0
160,Marie Murray PhD,18,hjohnson@gmail.com,2012-10-14,87947.76,Legal,2.05,False,7.0
161,Samantha Marsh,35,rodriguezmartha@maldonado-lawrence.com,2024-03-12,75159.58,Finance,2.82,True,17.0
162,Samantha Henson,30,turnerrebecca@wilson-mendez.com,2019-04-07,103036.66,HR,3.73,True,31.0
163,Barbara Allen,45,fwarren@davenport.info,2010-08-03,72847.56,Finance,3.78,True,56.0
164,Katherine Mcmahon,61,douglas06@yahoo.com,2010-07-07,77084.04,Marketing,2.13,False,86.0
165,Peter Stewart Jr.,65,gjohnson@parker-johnson.com,2019-02-06,52546.85,HR,2.52,True,78.0
166,Anthony Bishop,40,jeanwilliams@wilson.com,2019-02-08,84453.87,Sales,1.72,False,28.0
167,Andrea Mejia,49,michaelolsen@yahoo.com,2016-04-18,57261.43,Marketing,4.15,True,84.0
168,Mary Clark,52,jermaine83@holland-chandler.info,2016-06-22,81955.56,Operations,1.23,False,87.0
169,Connie Valdez,52,matthew60@hotmail.com,2023-04-15,45271.03,Finance,3.79,True,13.0
170,Jason York,60,stephanie52@gmail.com,2018-07-13,44352.22,Legal,4.11,False,96.0
171,Wanda Larson,22,vincent09@yahoo.com,2022-03-06,67532.68,IT,4.11,True,66.0
172,Phillip Murphy,54,yandersen@yahoo.com,2017-10-14,68413.76,IT,2.04,True,54.0
173,Angela Hartman,37,debraroman@yahoo.com,2023-07-06,54129.83,HR,2.5,False,82.0
174,Robin Turner,62,tasha74@browning.info,2019-05-02,41843.72,Operations,3.35,False,81.0
175,Austin Wood,35,yhenderson@roy-mccarthy.com,2010-07-10,33528.95,Finance,2.09,False,36.0
176,Robert Martinez,65,psmith@hotmail.com,2017-02-01,32270.86,HR,2.48,False,87.0
177,Steven Odom,24,dustin35@gmail.com,2017-08-23,54439.53,Operations,1.79,False,43.0
178,Tabitha Williamson,24,denise62@yahoo.com,2010-12-06,71566.81,IT,2.84,True,63.0
179,Jon Brooks,27,steven45@gmail.com,2018-10-24,95361.9,Finance,1.18,True,87.0
180,Steven Bowers,46,uchan@miller.biz,2014-05-01,72738.45,Legal,4.2,True,24.0
181,Christie Hood,31,fallen@yahoo.com,2014-05-28,111364.57,IT,1.31,False,20.0
182,Susan Peterson,27,jennifergordon@hotmail.com,2011-07-13,33169.78,Finance,3.08,True,47.0
183,Ashley Rogers,39,wesley82@johnson.com,2022-06-20,46259.46,Sales,2.23,True,71.0
184,Bobby Davis,20,catherine47@henson.net,2013-07-02,60466.3,Legal,3.31,False,45.0
185,Gregory Lewis,27,fuentessabrina@yahoo.com,2020-01-09,81974.66,HR,4.84,True,91.0
186,Erica Thompson,64,gmiller@robinson-lamb.com,2021-11-02,106746.25,HR,3.58,True,56.0
187,Mariah Williams,54,daniellejenkins@yahoo.com,2022-04-30,61518.18,Legal,1.14,False,50.0
188,Lisa Roberts,46,matthewthompson@cox.com,2020-05-20,54118.98,IT,2.72,False,56.0
189,Shane Bryant,18,reedstephanie@williams.info,2023-05-13,35570.03,Legal,3.04,False,84.0
190,Andrea Herman,28,alfredjackson@hotmail.com,2014-08-11,103917.31,Operations,3.14,False,40.0
191,Katherine Vasquez,31,nortonmargaret@gmail.com,2017-10-03,64169.98,IT,3.73,False,59.0
192,Ashley Neal,61,rbeasley@jones.net,2012-09-25,81439.52,HR,2.11,False,8.0
193,Christopher Miller,20,xburns@paul.com,2024-04-28,118519.99,Legal,1.52,False,18.0
194,John Mcintosh,55,schmittnatasha@thomas.com,2018-10-10,30143.51,Marketing,2.57,True,28.0
195,Drew Stevens,25,sanchezchelsea@henry.info,2019-02-14,43090.51,Operations,4.83,True,96.0
196,Cassie Rose,41,istewart@gmail.com,2019-02-02,100119.99,Marketing,1.75,False,14.0
197,Brandy Brown,48,jenna04@yahoo.com,2019-02-11,102461.47,Marketing,4.62,True,96.0
198,Heather Kim,35,wbennett@reynolds.com,2017-07-11,99232.24,Operations,3.18,True,19.0
199,Jason Freeman,21,betty33@gmail.com,2019-01-01,78329.9,HR,2.83,False,50.0
200,Joshua Wright,65,jensenmichael@perez-valentine.com,2013-10-14,118097.13,HR,4.53,False,59.0
201,Samantha Walters,52,michaelwright@hotmail.com,2019-03-27,65656.61,HR,2.83,False,90.0
202,Travis Stewart,34,josephsnyder@jones.com,2011-02-02,84174.93,Operations,3.9,True,69.0
203,Francis Wilson,36,emilymyers@gmail.com,2011-05-05,35703.21,IT,2.6,False,26.0
204,Theresa Ray,60,lambmegan@hotmail.com,2013-03-09,66887.17,Marketing,4.62,False,47.0
205,Bianca Green,36,carterjohn@hotmail.com,2013-09-08,95025.01,Legal,3.76,False,90.0
206,Jennifer Graves,46,ryan62@gmail.com,2022-08-17,51486.5,Marketing,3.8,False,5.0
207,Devin Harris,53,jacqueline23@hotmail.com,2015-04-30,114944.48,HR,2.31,True,2.0
208,Jeremy Villegas,44,stevenponce@gmail.com,2017-10-22,91810.5,Sales,4.03,True,51.0
209,Alexis Johnson,57,yodonnell@yahoo.com,2023-08-02,55881.78,HR,3.54,True,26.0
210,Caitlin Allen,60,ythomas@hotmail.com,2022-09-11,99209.9,Finance,1.96,True,11.0
211,George Walker,64,tracyhawkins@cook-ortiz.com,2017-03-03,37484.83,Legal,1.64,True,52.0
212,Cassandra Jacobs,23,lrowland@gray.net,2014-05-08,117729.7,HR,4.19,True,74.0
213,Gabriel Ramsey,46,katielewis@gmail.com,2019-11-14,34435.67,HR,4.84,False,72.0
214,Vincent Hansen,61,urodriguez@craig-key.com,2020-06-16,114011.03,Marketing,2.83,True,52.0
215,Mathew Carter,37,mwheeler@reid.biz,2018-02-19,52756.85,HR,3.36,False,69.0
216,Anna Bishop,28,williamsanthony@hotmail.com,2017-09-23,98204.17,IT,4.43,True,26.0
217,Jerry Bond,28,nlee@caldwell.org,2018-06-03,30006.63,IT,2.83,False,81.0
218,Jimmy Hess,27,nmiller@gmail.com,2011-04-17,52881.61,Operations,4.81,False,
219,Jeffery Parker,45,nheath@rivers.net,2020-08-12,97419.05,HR,3.3,True,85.0
220,Thomas Perez,53,ijohnson@ford.com,2011-09-20,77910.25,Sales,4.28,True,17.0
221,Julia Adams,29,amy99@gmail.com,2024-05-14,40345.69,IT,4.64,True,67.0
222,Mary Osborne,50,rmiller@reynolds.com,2021-02-16,65426.68,Operations,4.26,False,82.0
223,Robyn Brown,56,patrick48@gmail.com,2014-08-14,63799.44,Legal,1.64,True,62.0
224,Jenna Carrillo,49,nicholas24@yahoo.com,2015-08-27,81134.6,HR,3.52,True,39.0
225,Kevin Neal,40,alexa20@solomon.net,2012-08-02,90117.94,Operations,2.59,False,48.0
226,Justin Henderson,45,james87@gmail.com,2018-08-19,105674.72,HR,1.25,False,69.0
227,Cindy Jimenez,39,michael90@gmail.com,2013-06-25,74750.83,Marketing,2.7,False,68.0
228,Michael Graves,51,figueroalorraine@bush.com,2022-12-03,65281.95,Sales,2.03,False,8.0
229,Tiffany Gonzalez,62,nancywells@hotmail.com,2015-08-03,42957.89,Marketing,4.4,True,10.0
230,Beth Rodriguez,59,frank65@sexton.com,2010-08-26,102434.07,HR,1.13,False,77.0
231,Ryan Lewis,61,anthony79@hotmail.com,2020-11-12,94203.34,Legal,4.84,True,93.0
232,Carolyn Shelton,53,lking@gmail.com,2015-01-20,66780.97,Finance,2.42,False,63.0
233,Robert Fitzpatrick,59,reedkimberly@yahoo.com,2018-11-19,76658.91,HR,2.43,False,96.0
234,Jason Richard,41,ricardohoffman@davis-holmes.com,2012-07-14,89866.46,IT,1.07,False,1.0
235,Thomas Pena,58,mcdonaldheather@estrada-johnson.com,2019-04-09,44832.5,HR,1.74,False,26.0
236,Mr. Tyler Garrett,41,michelle54@skinner.org,2019-06-20,32447.8,Operations,2.61,False,53.0
237,Andrew Rivera,26,nelsonheidi@little.com,2013-04-21,58575.33,Finance,4.72,True,78.0
238,James Lopez,59,scottsmith@gmail.com,2015-02-14,83602.65,Finance,1.4,True,96.0
239,Catherine Chandler,63,goodmanjennifer@hill.com,2015-03-18,73794.55,Sales,4.78,True,46.0
240,Brittany Hunt,65,ywood@hotmail.com,2021-12-14,92329.92,IT,4.48,True,39.0
241,Rita Keller,33,qchoi@perez-smith.com,2015-06-19,103772.08,HR,2.82,True,10.0
242,Natasha Davis,54,allensalazar@hotmail.com,2015-01-18,73959.82,Marketing,2.31,False,95.0
243,Taylor Thomas,19,vdominguez@gmail.com,2019-04-07,42084.03,Sales,1.93,True,2.0
244,Megan White,48,hgonzalez@clements-smith.com,2022-11-12,106556.52,HR,3.46,True,98.0
245,Ricky Holt,55,nathan38@smith-pope.info,2023-02-12,81749.13,Marketing,1.13,False,30.0
246,Heather Porter,60,tcampbell@hotmail.com,2016-12-13,96594.37,HR,1.06,True,78.0
247,Steven Walters,18,williamshepherd@hotmail.com,2011-07-27,93419.82,Operations,2.72,False,3.0
248,Elizabeth Becker,37,hollowaygabriella@hotmail.com,2016-07-29,117139.06,Sales,1.27,True,75.0
249,April Vega,24,cnorris@yahoo.com,2019-03-07,56577.66,IT,2.01,True,65.0
250,Pam Fletcher,47,michellegraves@yahoo.com,2022-01-17,93477.61,Finance,1.88,False,47.0
251,Stephanie Conner,21,jakechavez@owen.com,2021-01-29,62910.87,Finance,2.01,False,19.0
252,Kara Parks,49,ebrown@gmail.com,2019-03-16,65586.96,Operations,1.52,True,59.0
253,Gerald King,47,andersonmichael@russo-contreras.net,2021-09-02,50753.52,Sales,1.05,False,33.0
254,Charles Garrett,34,kferguson@hotmail.com,2013-03-15,60960.92,Legal,1.46,True,14.0
255,Shawna Smith,21,susandavis@yahoo.com,2020-11-05,115346.71,Marketing,3.47,False,75.0
256,Louis Mcknight,44,merrittjoseph@summers.com,2015-11-22,56331.38,IT,4.9,True,57.0
257,Shelia Lee,24,shaffergregory@hotmail.com,2022-01-16,52139.15,Operations,4.96,True,35.0
258,Daniel Gutierrez,59,btaylor@gmail.com,2014-12-09,82482.42,Operations,2.64,True,28.0
259,Ryan Meyer,55,bartonmonica@perez-macdonald.info,2017-05-07,53223.24,IT,1.65,False,48.0
260,Nicholas Faulkner,29,wmeyer@hotmail.com,2010-09-19,72604.72,Legal,3.56,False,49.0
261,Brandon Clark,35,mark03@hotmail.com,2012-10-03,105075.86,HR,2.96,True,95.0
262,Heidi Johnson,61,castromelissa@hotmail.com,2023-11-21,50736.03,Legal,4.96,False,64.0
263,Kim Bradley,21,pthomas@luna-chapman.com,2012-04-24,68402.23,Operations,1.26,False,43.0
264,Gary Harper,38,laura90@jacobson-fuller.org,2017-05-20,84944.08,IT,4.13,False,29.0
265,Lisa Phillips,45,nicolemoreno@bridges.com,2018-03-17,79106.6,Legal,2.15,True,75.0
266,Amanda James,46,hwilliams@hotmail.com,2016-08-02,117725.09,IT,1.97,True,33.0
267,Paul Ortiz,32,hendricksmiranda@terrell-boyd.org,2020-03-12,91233.32,Finance,3.65,True,11.0
268,Jessica Wright,32,upatrick@yahoo.com,2021-11-04,96595.16,Marketing,1.98,False,5.0
269,Samuel Taylor,34,qduncan@ruiz.com,2023-03-31,117026.04,Finance,3.66,False,19.0
270,Julie Mason,53,jennifer96@sherman.net,2016-11-25,67299.42,HR,3.07,True,40.0
271,Joan Leach,56,daltonwells@wilson-zhang.com,2017-02-18,61984.18,Marketing,2.7,True,80.0
272,Bradley May,61,marissagarrett@gmail.com,2012-06-25,33947.62,Sales,3.22,False,74.0
273,Elizabeth Moore,45,gregory06@gmail.com,2016-01-11,46578.39,Operations,2.15,True,72.0
274,Morgan Austin,56,stephen86@costa.biz,2012-09-09,51347.07,IT,3.83,True,62.0
275,Benjamin Bowers,41,dunnjoshua@hotmail.com,2023-06-01,46515.4,HR,2.66,True,8.0
276,Matthew Whitehead,38,zacharymclean@hughes-anderson.com,2012-02-14,97930.55,Sales,2.44,True,67.0
277,Jaime Hart,41,joshua92@gmail.com,2012-01-12,78229.47,Operations,4.31,True,61.0
278,Angela Johnson,52,xhenry@yahoo.com,2023-06-11,90087.04,Sales,4.7,False,55.0
279,Elizabeth Day,50,collinsdylan@yahoo.com,2024-04-14,103841.59,Marketing,1.18,True,40.0
280,Angela Oliver,19,lisagreer@hotmail.com,2021-06-09,50769.65,Legal,1.93,True,49.0
281,Deborah Olson,40,wwilliams@hotmail.com,2018-11-23,59333.15,Marketing,2.39,True,93.0
282,Nicholas White,39,ricejillian@yahoo.com,2015-12-19,93752.42,Finance,4.26,True,3.0
283,Clinton Coffey,22,amanda12@brown.com,2018-05-09,65348.31,Operations,4.94,False,14.0
284,Russell Stewart,63,turneremily@carpenter.org,2019-06-14,32634.38,Finance,4.88,False,55.0
285,Adriana Wilkinson,58,flee@rowe-griffin.org,2018-04-21,69145.97,Sales,4.62,True,77.0
286,Kevin Fernandez,57,xbradley@hotmail.com,2012-12-30,111744.58,Legal,2.19,False,85.0
287,Jorge Ramos,42,briannavillanueva@gordon.org,2020-12-22,66811.94,Operations,4.97,True,17.0
288,Ronald Juarez MD,40,andrewcook@powers.com,2022-11-01,59902.4,Finance,2.0,True,97.0
289,Nathan Odom,35,bakercaitlin@figueroa.biz,2019-12-05,119057.26,IT,1.42,False,18.0
290,Mark Lee,44,tayloranna@tucker-cooper.biz,2015-03-14,87997.4,Marketing,4.8,False,3.0
291,Kimberly Wilson,26,pfreeman@yahoo.com,2012-12-11,62939.82,Operations,1.93,False,15.0
292,Michelle Nichols,23,davisbarry@gmail.com,2013-08-11,39181.76,HR,3.76,False,90.0
293,Ricky Myers,51,jim62@gmail.com,2012-04-18,100906.45,Sales,1.23,True,55.0
294,Sarah Parks,40,laneclaudia@yahoo.com,2013-12-22,93726.74,Operations,3.92,True,31.0
295,Colleen Barnett,36,donovangregory@berg-hartman.com,2016-11-13,112972.42,HR,4.53,True,4.0
296,Travis Hernandez,28,xboyer@coleman-alexander.com,2011-01-26,49554.81,Finance,2.09,False,80.0
297,Ana Stewart,47,mullinsmatthew@robinson-williams.info,2023-07-24,40343.19,Operations,2.52,False,34.0
298,Katie Carroll,29,cwhite@martin-thompson.com,2019-04-16,95166.53,HR,2.5,False,33.0
299,Richard Moran,48,alex30@west.com,2013-01-27,48305.63,Marketing,4.0,True,49.0
300,Kelly Torres,25,michael25@meyer.com,2015-12-03,45849.35,Finance,1.95,False,14.0
301,Anthony Camacho,48,oadams@mitchell.com,2021-10-08,58782.66,IT,1.69,True,44.0
302,Sarah Reynolds,60,wmiller@yahoo.com,2010-12-30,103514.26,IT,2.8,False,37.0
303,Donald Glass,39,amanda92@green-johnson.com,2017-01-16,78558.29,Legal,2.22,True,47.0
304,Lisa Rodriguez,25,teresa66@king.com,2023-06-22,34126.53,Sales,4.36,False,78.0
305,Jeremiah Moore,43,henrymatthew@kelly.org,2020-11-05,71750.52,Finance,1.95,False,81.0
306,Jacob Martinez,62,vegajustin@parker.com,2021-02-06,91558.17,Marketing,3.01,False,24.0
307,Kelsey Gonzalez,37,rsanchez@terry.com,2015-07-21,78453.16,Finance,4.77,True,95.0
308,Jacob Christensen,43,lynnjohnson@gmail.com,2016-01-14,81520.52,Operations,3.54,True,69.0
309,Cynthia Jones,63,broberts@harding.biz,2014-05-02,50229.96,Finance,4.47,True,69.0
310,Stephanie Alexander,60,renee78@moore-hicks.com,2023-12-17,106296.54,Marketing,4.76,False,7.0
311,Brenda Wright,21,taylorjames@soto-harris.com,2014-01-16,80525.88,Operations,4.0,True,43.0
312,Joseph Dickerson MD,38,brianbutler@campbell.net,2014-05-25,94192.14,Legal,3.8,False,65.0
313,Juan King,37,cooperanne@lindsey-kennedy.biz,2014-06-05,118367.78,Marketing,4.87,False,70.0
314,Jennifer Hickman,55,annette13@byrd.org,2017-06-15,68537.88,IT,4.98,True,1.0
315,Joshua Hill,51,ffox@cruz.com,2020-04-29,109296.0,Operations,2.81,False,20.0
316,Mrs. Ann Smith,62,mendozastephanie@hotmail.com,2021-10-02,30655.29,Finance,1.28,False,63.0
317,Andrea Hill,43,allenethan@hotmail.com,2018-07-02,33006.66,Sales,2.17,True,2.0
318,Katherine King,25,stephanievincent@gmail.com,2014-12-17,83125.19,Operations,1.61,False,81.0
319,Zoe Briggs,55,leon59@leblanc.com,2012-08-06,58030.45,Sales,2.67,True,33.0
320,Melissa Green,38,murraynathaniel@yahoo.com,2011-05-23,52344.89,Legal,1.53,False,42.0
321,Joyce Johnson,52,kbryant@yahoo.com,2012-04-30,55014.18,Operations,3.42,True,17.0
322,Jessica Marsh,34,monicaolson@howard.info,2021-03-02,58656.26,HR,2.53,True,44.0
323,Mr. Craig Warren,63,rebeccajohnson@hotmail.com,2014-07-22,95605.29,HR,4.58,False,12.0
324,Alexis Barnett,58,clarkkathy@barrera-campbell.com,2021-12-14,81227.64,Marketing,4.87,True,78.0
325,Lindsay Graham,57,griffintaylor@crawford.com,2012-07-02,101013.24,IT,3.19,False,71.0
326,Eric Porter,51,michaelhenderson@simpson-davis.info,2021-11-18,104717.69,Operations,2.1,True,53.0
327,Michael Bond,51,susan55@hotmail.com,2015-05-29,105864.14,Finance,3.37,True,97.0
328,Brandon Norton,19,adominguez@wells.info,2018-03-25,67317.97,IT,4.59,True,8.0
329,Kenneth Anderson,27,edward32@yahoo.com,2015-09-25,67914.61,IT,2.63,True,32.0
330,Kimberly Jackson,41,rickyyoung@gmail.com,2015-05-16,113363.93,IT,3.21,True,73.0
331,Nina Davis,22,travishuang@crawford-moore.org,2012-04-08,89558.72,Operations,2.09,True,13.0
332,Brian Hahn,42,woodtimothy@blackwell.org,2016-06-15,37242.05,Sales,2.82,False,66.0
333,Collin Flores,24,david46@johnson-simpson.com,2024-01-16,78796.83,Sales,2.61,True,9.0
334,Wanda Martinez,51,showell@yahoo.com,2017-12-07,62040.65,Operations,1.99,True,75.0
335,Gary Vazquez,42,zwalters@collins-hamilton.net,2019-10-11,118869.15,Operations,3.02,False,16.0
336,Emma Olsen,28,gregory64@gmail.com,2011-06-19,31228.99,Marketing,2.24,False,62.0
337,Sue Green,47,tylercastillo@hotmail.com,2018-05-23,85096.28,Legal,2.49,True,4.0
338,Sharon Martinez,65,qochoa@gmail.com,2019-07-17,95126.08,Sales,3.1,True,66.0
339,Ryan Jones,46,nelsonkatherine@hotmail.com,2011-07-25,56001.61,HR,4.0,False,100.0
340,Sydney Reyes,42,austinbarton@rose-cummings.org,2010-10-29,117627.74,Sales,2.33,False,28.0
341,Laura Weeks,21,bookerlinda@todd.net,2016-06-26,107358.3,Legal,4.7,True,44.0
342,Shannon Howard,36,ivan04@delgado.com,2021-03-12,112408.76,Operations,4.45,False,12.0
343,Brittany West,39,kwest@turner.com,2012-05-07,31730.89,Marketing,1.19,False,71.0
344,Sharon Schneider,24,ajimenez@hotmail.com,2013-01-12,81288.49,Sales,2.01,True,90.0
345,Ronald Pugh,38,brianfitzgerald@hotmail.com,2017-02-02,56518.52,Legal,2.78,False,27.0
346,Alejandra Evans,39,james02@yahoo.com,2017-05-30,106412.58,Operations,1.42,False,22.0
347,Jacob Lee,45,kimberly43@alexander.com,2014-09-12,86956.47,Operations,2.39,False,88.0
348,Jerry Wilson,44,lori38@dodson.net,2013-05-11,78498.93,HR,3.96,True,84.0
349,Katie Franco,43,kenneth14@yahoo.com,2022-03-16,40312.94,IT,3.72,False,29.0
350,Ryan Golden,18,kimberlymiller@hunt-martinez.biz,2020-10-15,78620.05,Sales,3.49,False,51.0
351,Mark Roberts,64,jasmine79@thomas.biz,2020-06-16,86871.37,HR,3.84,False,25.0
352,Mrs. Sylvia Jackson,21,tyler07@gallagher-rodriguez.net,2015-05-28,116032.11,Finance,1.82,True,77.0
353,Joseph Ware,55,carsontimothy@ortiz.org,2015-07-06,82654.59,Operations,2.37,True,89.0
354,Sharon Hicks,25,daniellekelly@gmail.com,2015-02-16,117066.05,IT,3.7,False,95.0
355,Jason Young,34,westbradley@hotmail.com,2023-11-04,116544.55,Sales,4.52,False,56.0
356,Pamela Rice,29,kristiecaldwell@yahoo.com,2019-08-03,88518.03,Marketing,3.17,True,44.0
357,Claire Allen,29,fmcdowell@gmail.com,2021-02-10,75531.72,Sales,2.13,True,20.0
358,Nicholas Jones,62,richard63@dixon-kim.net,2012-07-27,71941.96,Marketing,1.12,True,34.0
359,Joshua Wells,20,clintonjohnson@yahoo.com,2012-02-18,110134.07,Marketing,3.84,True,92.0
360,Mr. Jason Griffin DVM,23,owensnancy@hotmail.com,2024-01-25,32543.1,Legal,1.03,True,44.0
361,Barbara Bryant,35,jamie60@gmail.com,2021-03-17,40242.74,HR,2.49,False,70.0
362,Charles Craig,32,gamblerichard@carpenter.biz,2018-05-19,39186.46,HR,3.12,True,25.0
363,Christopher Colon,23,davistimothy@kelly.org,2020-12-23,98124.18,Sales,4.69,True,27.0
364,Nicholas Burke,32,perezjessica@hotmail.com,2021-12-17,60568.59,Finance,1.36,True,59.0
365,Laura Lopez,35,sanchezrobert@yahoo.com,2015-07-06,87417.17,Finance,2.62,True,40.0
366,Nathan Schultz,59,dana46@powell.biz,2015-11-25,84340.46,Legal,1.1,True,16.0
367,Tracy Moreno,64,joe93@gmail.com,2016-11-20,64724.52,Sales,2.37,True,35.0
368,Michelle Hernandez,62,murphynatalie@hotmail.com,2023-11-23,77841.1,HR,3.49,True,71.0
369,Jonathan Allen,48,salazarjane@hicks.com,2020-08-20,88062.47,Legal,2.12,False,85.0
370,Nicholas Krueger,52,palmerjesus@oneal.org,2013-02-20,114685.53,Legal,1.84,True,99.0
371,Michelle Russell,21,zjohnston@castro.info,2010-09-15,81807.07,Legal,1.46,False,98.0
372,Curtis Lane,18,colleen91@hotmail.com,2020-12-11,85293.08,Sales,3.31,True,
373,Ryan Green,47,nicholas31@payne.com,2016-12-10,36107.02,IT,3.78,True,10.0
374,Charles Terry,62,johnpatton@kim.com,2011-01-02,115699.42,Marketing,3.69,False,84.0
375,Timothy Gentry,62,poolebrian@gmail.com,2022-11-16,77527.37,Operations,4.8,False,41.0
376,Spencer Patterson,62,alicia34@yahoo.com,2022-12-05,102114.61,HR,1.01,False,39.0
377,Karla Hansen,18,laurensmith@carrillo.com,2020-03-12,34526.2,Legal,3.59,True,90.0
378,Melinda Hicks,35,tylerbryant@hotmail.com,2019-10-04,67881.91,Operations,3.4,True,100.0
379,John Johnson,47,rasmussenphilip@hansen-romero.net,2017-03-12,53127.79,IT,3.35,False,41.0
380,Jason Koch,45,martinezangelica@yahoo.com,2019-10-19,54027.83,HR,4.85,True,4.0
381,Anthony Clark,52,vwheeler@hotmail.com,2016-06-26,101230.84,Sales,1.07,False,10.0
382,Hannah Bass,54,hwilliams@hansen-warner.biz,2014-02-07,86148.01,Operations,3.79,False,78.0
383,Tommy Harris,39,omurphy@berg.com,2014-01-31,69577.08,Sales,4.25,True,1.0
384,Dr. Amber Doyle,48,lthompson@hotmail.com,2014-01-31,30952.72,Finance,3.04,False,37.0
385,Mark Rodriguez,55,nicole67@gmail.com,2023-11-13,116843.51,HR,2.34,True,14.0
386,Andrew Miller,35,allenstephen@yahoo.com,2022-04-09,116582.09,IT,4.16,False,21.0
387,Maureen Mckinney,56,joseph21@yahoo.com,2015-04-11,49579.7,HR,1.39,True,91.0
388,Heidi West,33,nhayden@becker.com,2010-08-13,33721.17,Operations,2.77,False,35.0
389,George Murray,19,chaneytimothy@hotmail.com,2022-01-29,77717.94,Legal,3.08,False,25.0
390,Mark Underwood,33,butlerashley@long.com,2012-07-06,115626.97,HR,3.78,False,65.0
391,Theresa Smith,59,osmith@scott.net,2016-08-27,111935.63,Legal,1.36,False,70.0
392,Kevin Trujillo,40,claytonharper@brown.com,2014-04-17,82619.66,Operations,1.91,False,44.0
393,Ruth Morton,63,finleychristopher@ball.com,2018-12-05,57319.4,Marketing,2.64,True,57.0
394,Tina Crosby,35,brittanywilson@gmail.com,2015-02-21,59696.48,Marketing,3.49,False,11.0
395,Matthew Simon,62,paulmiller@burnett.com,2020-07-09,110812.22,HR,4.55,False,53.0
396,Yolanda Castaneda,40,nburgess@shelton-olson.com,2017-12-25,74260.56,IT,3.48,False,64.0
397,Maria Jones,31,zamoraadam@santos.com,2011-10-28,41800.46,HR,1.53,True,68.0
398,Dr. Katie Walls,65,chloetran@scott.com,2018-12-22,52358.29,Marketing,4.92,False,52.0
399,Janice Mcgee,20,jesuswarren@hotmail.com,2011-02-20,54911.54,Operations,4.49,True,15.0
400,Keith Carrillo,29,davidbyrd@davis.info,2024-03-14,41119.2,IT,3.01,False,10.0
401,Michael Robinson,27,fred55@gmail.com,2018-08-23,71673.99,Legal,4.69,False,75.0
402,Daniel Collins,58,hdavis@hotmail.com,2018-07-30,112444.58,Finance,3.17,True,59.0
403,Ariel Ruiz,65,tammy39@yahoo.com,2016-09-12,90190.43,Finance,4.69,False,41.0
404,Richard Harrison,22,emily87@hotmail.com,2012-09-01,36522.65,Operations,4.32,False,22.0
405,Teresa Lewis,28,richardamanda@yahoo.com,2012-02-16,30494.53,IT,4.87,False,37.0
406,Jose Glenn,24,jasonvaldez@glover.com,2012-05-27,54862.29,HR,4.68,True,30.0
407,Peter Wang,62,johnsonbenjamin@hotmail.com,2010-12-15,62642.36,Sales,1.14,True,80.0
408,Regina Ross,26,hweber@brown.org,2019-07-14,99907.47,Legal,1.7,False,55.0
409,Aaron Roach,26,scottkayla@martinez.info,2014-09-01,117030.5,Sales,2.56,True,86.0
410,Brian Guzman,26,vknapp@yahoo.com,2020-09-22,64881.05,Operations,4.81,False,89.0
411,Courtney Aguilar,62,destiny16@gmail.com,2014-02-27,91802.1,HR,2.2,False,36.0
412,Joshua Hernandez,55,donna94@hotmail.com,2019-07-16,119541.17,HR,1.64,True,4.0
413,Mikayla Anderson,36,david40@gmail.com,2021-09-26,97109.99,Finance,4.55,False,2.0
414,Jacob Dean,20,bauereddie@hotmail.com,2010-11-26,87257.06,Sales,2.79,False,1.0
415,Ryan Rubio Jr.,23,pbarry@gmail.com,2020-08-24,37026.74,Legal,4.63,False,81.0
416,Dean Mcdonald,47,pshaw@hotmail.com,2010-11-05,59089.37,Legal,1.64,True,34.0
417,George Allen,55,smithkathleen@moore.com,2022-09-10,112205.29,HR,3.64,True,9.0
418,Dr. David Munoz,54,markshields@howe.org,2018-07-09,48090.49,Legal,2.76,False,84.0
419,Victoria Ryan,60,gina32@cuevas.com,2015-06-18,105923.13,Finance,1.31,True,40.0
420,Ronald Mcdonald Jr.,47,rickey35@decker.com,2017-10-16,92669.13,IT,3.79,False,40.0
421,Ann Miller,45,dawnfleming@cooper.net,2018-09-29,62969.19,Operations,1.99,True,70.0
422,Darrell Carey,35,drew05@vasquez.com,2020-11-24,77625.68,Marketing,1.16,True,83.0
423,Donald Roman,29,cassandrapoole@gmail.com,2018-07-15,78852.58,Legal,1.24,False,36.0
424,Gary Gamble,26,amandaspencer@zimmerman.com,2010-08-23,94264.84,Operations,1.24,True,6.0
425,Jay Whitney,42,donna25@vargas-alvarado.com,2018-03-20,76490.03,Operations,4.63,True,100.0
426,Ronald Serrano,21,deborahanderson@gmail.com,2012-11-05,41976.84,Finance,3.96,True,90.0
427,Joseph Thompson,29,gentryabigail@stout-torres.info,2017-05-28,99610.92,HR,4.59,False,31.0
428,Michael Yang,33,lbauer@collins-williams.org,2018-08-11,66564.52,Legal,3.69,False,88.0
429,Annette Huffman,21,morrisonryan@cameron.com,2010-12-29,116678.45,IT,3.12,False,66.0
430,Janet Collins,54,kimberlynavarro@wells.biz,2021-01-18,55516.24,Finance,2.22,False,17.0
431,Stephanie Miller,57,johnlewis@gmail.com,2020-03-31,53677.09,Legal,4.99,False,33.0
432,Michael Nelson,39,mitchell26@hotmail.com,2014-08-01,60015.67,HR,2.45,False,76.0
433,Cory Hartman,47,cheryl17@dickerson.net,2023-08-04,81508.53,HR,2.88,False,7.0
434,Karen Figueroa,21,brandi52@thompson.org,2019-11-21,110538.28,HR,2.51,False,100.0
435,Alex Perkins,29,cardenasangela@gmail.com,2015-05-15,45865.35,IT,4.92,True,49.0
436,Alicia Hatfield,33,katelynsutton@gmail.com,2019-01-07,55171.09,Operations,1.7,True,53.0
437,Aaron Taylor,63,jreed@garner-logan.com,2011-03-21,82351.19,Finance,2.31,True,35.0
438,Andrea Hood,44,timothymcclain@gmail.com,2018-04-19,70890.08,Marketing,3.72,True,74.0
439,Kevin Simmons,33,dawsonjessica@hoffman.net,2015-08-26,70259.06,Finance,1.25,False,28.0
440,Christopher Brown,51,ashley79@faulkner.com,2015-12-26,103866.08,Finance,3.43,True,32.0
441,Louis Reeves,29,casey50@gmail.com,2024-04-06,113149.05,Marketing,2.91,False,40.0
442,James Le,23,michaeldavis@yahoo.com,2010-11-27,73317.63,Legal,2.14,True,68.0
443,Amanda Maddox,48,shannongregory@yahoo.com,2016-06-24,91861.66,HR,1.95,False,62.0
444,Kimberly Johnson,22,markcross@hotmail.com,2017-10-18,102095.28,Legal,3.06,False,57.0
445,Jill Barrett,50,marcus73@williams.com,2017-10-15,76652.98,Operations,2.47,True,90.0
446,Nicole Garcia,55,glennchristian@dickerson.com,2020-12-30,56488.48,Operations,2.83,True,15.0
447,David Padilla,61,vwilliams@copeland-houston.com,2012-08-19,87427.61,Marketing,2.35,False,54.0
448,Donna Wright,63,kparrish@mueller.com,2019-09-06,82659.82,Operations,4.88,False,47.0
449,Melissa Garrett,47,jamesmarshall@chambers.info,2022-09-25,111140.65,Sales,1.53,True,21.0
450,Edwin Smith,45,pamelagarcia@davis.com,2013-07-11,34716.63,Operations,1.39,True,66.0
451,Curtis Clark,57,jamiebaker@davis-davis.com,2015-06-05,111911.82,Operations,2.37,True,6.0
452,Steven Hill,45,leslie43@gmail.com,2011-04-22,78098.88,Sales,3.36,True,29.0
453,Jerry Montoya,47,pfrederick@perez.com,2020-07-28,31410.85,Operations,3.64,True,90.0
454,Jennifer Norris,26,twilliams@yahoo.com,2021-01-07,61023.2,Sales,2.59,False,61.0
455,Linda Gallagher,29,bstephens@kane.com,2015-10-22,95190.02,Finance,5.0,False,49.0
456,Alexander Clark,51,woodphillip@hotmail.com,2016-07-05,73958.98,Legal,2.41,False,3.0
457,Ashley Porter,32,judyperkins@hotmail.com,2022-12-21,118214.31,Marketing,3.89,False,30.0
458,Bradley Carney,56,zstrong@hotmail.com,2022-09-12,68034.91,IT,3.55,False,10.0
459,Alexandra Drake,29,castrosamuel@taylor.com,2023-06-05,59397.17,IT,4.25,True,39.0
460,Connor Jones,28,ahughes@hotmail.com,2012-11-03,103950.47,Sales,4.9,False,12.0
461,Jessica Crawford,43,schroedercharles@hotmail.com,2017-03-23,79311.6,Marketing,4.56,False,23.0
462,Mr. Corey Nash,50,vallen@petty.info,2020-01-09,91409.39,Finance,4.06,False,16.0
463,Julie Johnson,58,emorse@villegas-snow.net,2014-08-03,102513.21,HR,3.79,False,56.0
464,Christopher Brewer,24,xlambert@jones-weaver.com,2013-11-23,90428.48,IT,2.34,False,1.0
465,Colin Porter,48,pattersonjason@lee.com,2010-09-02,68016.67,IT,1.59,True,96.0
466,George Carroll,40,alicia20@scott.org,2019-10-05,41231.68,Finance,1.25,False,46.0
467,Joseph Zimmerman,29,dsmith@hotmail.com,2018-05-25,82222.33,Finance,1.97,True,67.0
468,Gail Cook,53,cindy68@avila.com,2011-08-19,110769.0,Finance,2.73,True,52.0
469,Krystal Baker,38,jacobgraham@stephens.biz,2011-11-25,67700.32,Legal,3.09,True,15.0
470,Jimmy Fields,22,wesleyjoyce@pratt.com,2014-10-11,111965.27,Finance,4.09,False,67.0
471,James David,22,nicoleharper@yahoo.com,2015-04-15,75317.5,Operations,4.83,False,31.0
472,Tina Sosa,47,jacob58@yahoo.com,2016-06-16,85875.74,HR,1.47,False,63.0
473,Kayla Hale,45,millerjohn@smith-davis.com,2019-06-02,104968.96,Finance,1.43,True,36.0
474,Martha Rivera,65,kimberly91@torres.com,2023-06-17,80813.74,Legal,3.36,False,34.0
475,Mason Jones,37,cesarrowe@lynch.com,2016-12-31,38187.24,Marketing,3.98,True,51.0
476,Mrs. Jennifer White,58,tgrimes@garcia.info,2023-01-30,118288.15,HR,4.39,True,55.0
477,Valerie Barnes,44,gabriel86@yahoo.com,2020-02-09,52126.44,HR,4.74,False,60.0
478,James Hatfield,44,tiffanyjones@yahoo.com,2022-05-15,93945.48,Finance,4.93,True,89.0
479,Steven Davidson,27,dawnroberts@harris-clements.com,2012-03-18,75460.21,IT,2.6,True,7.0
480,Ashley Rice,49,pharper@gmail.com,2017-03-10,73089.54,IT,2.52,False,21.0
481,Elizabeth Jones,48,jasminesmith@wolfe-gray.com,2021-08-30,51954.67,Marketing,1.59,False,90.0
482,Steven Reilly,35,meganjordan@yahoo.com,2018-02-22,94993.57,Finance,3.74,True,67.0
483,Shannon Caldwell,25,adavenport@yahoo.com,2015-11-16,40150.94,Finance,3.63,True,45.0
484,Katie Cruz,53,barbara40@bell.org,2013-09-01,119140.8,Sales,4.45,True,25.0
485,Joseph Turner,27,juan23@gmail.com,2023-01-22,106083.62,Marketing,1.39,False,31.0
486,Raymond Vargas,46,davidferguson@vasquez.com,2017-12-12,78105.8,IT,2.99,True,19.0
487,Jesse Henderson,65,dhicks@johnson.info,2021-06-26,68209.77,Finance,3.32,False,28.0
488,Michelle Yates,25,schneidersuzanne@yahoo.com,2024-01-22,55781.82,HR,1.97,True,38.0
489,Amanda Reese,21,ashley01@hotmail.com,2016-03-25,75143.23,Sales,1.68,False,100.0
490,Shelley Carlson,25,awells@ayers-taylor.biz,2023-09-03,109147.57,Operations,4.44,True,18.0
491,Robin Reed,26,thomas17@carter.org,2010-09-04,54750.58,IT,1.23,False,23.0
492,Casey Paul,55,swansonmitchell@hotmail.com,2021-01-25,75048.37,HR,2.88,True,70.0
493,Erica Edwards,23,lawrence08@miller.com,2014-04-01,51109.49,Finance,1.46,True,32.0
494,Jennifer Johnson,51,snowjody@yu-turner.biz,2014-03-03,60343.42,IT,2.83,True,69.0
495,Julie Scott,46,medinamichele@miller.com,2020-11-16,47123.45,Legal,4.92,False,3.0
496,Ricky Jones,64,josephevans@chandler.org,2020-09-16,119148.53,Marketing,2.69,True,23.0
497,Dr. Terry Young MD,56,caldwellaaron@foley.biz,2011-08-31,81434.77,Operations,4.43,False,29.0
498,Aaron Logan,26,icharles@little-fuller.com,2023-05-11,95953.36,HR,1.47,False,92.0
499,Kenneth Frey,19,laurie69@yahoo.com,2019-08-16,38842.49,Finance,2.09,False,53.0
500,Richard Hawkins,20,xfigueroa@martinez.com,2015-07-06,62950.58,Sales,2.62,False,90.0
501,Maria Davis,34,turnerbonnie@yahoo.com,2021-02-08,110337.58,Legal,2.6,False,20.0
502,Frank Wilson,20,clineholly@yahoo.com,2022-12-28,37599.45,Finance,3.69,False,31.0
503,Samantha Mccall,29,ogoodman@ford-crawford.com,2012-06-25,44893.49,Finance,2.38,False,97.0
504,Alexandra Mills,49,sheriphillips@fitzgerald.com,2024-04-23,86287.58,Sales,3.86,True,71.0
505,Teresa Ewing,28,kristin93@howard.org,2017-07-12,86051.01,HR,3.56,False,16.0
506,Anne Cox,38,chelseyrodriguez@phillips.com,2012-01-03,105440.43,HR,2.6,True,74.0
507,Derek Patterson,54,jmontes@berry-bird.com,2021-05-30,114194.35,Marketing,2.73,False,87.0
508,Elizabeth Smith,32,phamthomas@rodriguez-taylor.com,2011-12-10,42778.78,Sales,3.46,True,21.0
509,Hector Cummings,25,calvin40@hotmail.com,2016-02-28,53343.64,Sales,1.28,False,95.0
510,Marie Pierce,47,davistina@johnson-berg.org,2022-04-16,68471.53,Finance,4.29,True,31.0
511,William Mitchell,23,batescrystal@hotmail.com,2021-11-21,30081.3,Legal,3.61,False,67.0
512,Kenneth Blanchard,32,narmstrong@anderson.com,2019-07-12,36283.29,Legal,3.91,False,99.0
513,Joseph Perez,64,fcarpenter@williams-bradley.com,2022-01-25,50384.22,Legal,3.15,False,38.0
514,Shelly Miller,33,iramirez@gmail.com,2021-10-04,73299.18,Finance,1.44,False,90.0
515,David Valenzuela,50,margaret38@kane-rhodes.com,2012-11-28,52637.05,HR,2.62,True,94.0
516,Tracy Sanders,41,kimberlymolina@holland.net,2023-10-30,108901.37,Sales,2.62,False,2.0
517,Joanne Brown,45,barnesadrienne@leon-walton.com,2016-03-31,59184.56,HR,2.28,False,92.0
518,Christine White,24,gloriafuller@hotmail.com,2019-09-23,113216.05,Operations,1.12,True,58.0
519,Richard Dudley,27,rjones@johnson.net,2012-05-29,117730.85,Sales,3.95,False,25.0
520,Gail Small,19,vnolan@miller.info,2017-02-19,70487.54,Sales,1.44,False,7.0
521,Blake Lopez,29,maria01@gmail.com,2015-09-13,50441.59,HR,3.43,True,52.0
522,George Durham,41,griffintiffany@hotmail.com,2019-10-23,56249.95,Finance,3.81,False,21.0
523,Veronica Davis,24,blackdavid@bright-robbins.com,2022-10-24,99870.03,Finance,3.54,False,48.0
524,Edwin Wilson,58,amywallace@garrison.biz,2013-07-18,54601.47,Operations,4.84,True,64.0
525,Jill Wilson DVM,54,huntantonio@gmail.com,2019-04-03,64252.46,Operations,1.41,True,49.0
526,Christina Sexton,30,norrismark@ross-arroyo.biz,2016-08-04,73071.83,IT,4.47,True,27.0
527,Mike Morrison,53,michaellee@nash.com,2018-09-29,81760.0,IT,1.12,False,49.0
528,Patricia Hickman,23,jacob33@yahoo.com,2022-11-02,119649.04,Operations,3.14,False,68.0
529,Stacey Calderon,30,jamesreynolds@hotmail.com,2023-09-03,50898.88,Marketing,2.62,True,67.0
530,Brett Howard,36,sarah97@henson.org,2016-07-18,61808.13,Sales,3.1,True,63.0
531,Samantha Figueroa,18,smithgeorge@yahoo.com,2011-08-31,53660.21,Legal,2.46,True,13.0
532,Crystal Shields PhD,19,maria87@yahoo.com,2019-03-20,62500.21,Operations,1.76,True,16.0
533,Veronica Johnson,38,lhodge@hotmail.com,2012-01-17,39072.41,HR,1.08,False,11.0
534,Jennifer Norris,31,kellyroger@short-brown.com,2019-05-17,62382.88,HR,3.07,True,68.0
535,Cynthia Chandler,44,john02@gmail.com,2012-11-15,109907.85,Legal,4.37,False,1.0
536,Linda Nguyen,61,thomasrobinson@richards.net,2013-01-14,56873.09,HR,2.49,True,10.0
537,Roberto Johnston,39,huynhsteven@gmail.com,2024-05-27,63474.13,IT,1.89,False,1.0
538,Sarah Aguilar,32,dstanley@yahoo.com,2015-10-01,115002.67,Operations,1.32,False,95.0
539,Mrs. Cindy Johnston,31,norman75@gmail.com,2013-04-18,95554.11,IT,1.34,True,31.0
540,William Olson,58,camachofrank@yahoo.com,2023-12-20,76506.48,HR,1.89,False,95.0
541,Nancy Martin,21,candaceware@yahoo.com,2012-09-21,99947.35,Sales,1.4,False,50.0
542,Anthony Price,59,angelaorr@yahoo.com,2017-03-06,41086.17,HR,2.06,True,57.0
543,Jessica Taylor,35,edward61@summers-murphy.org,2021-09-09,71804.13,HR,1.26,True,86.0
544,Kevin Farrell,23,carneyaaron@garner.com,2016-08-14,40641.25,Sales,1.26,False,35.0
545,Sarah Johnson,44,palmeramber@johnson.com,2020-06-02,51025.63,Marketing,4.43,False,52.0
546,Joshua Hall,45,csoto@harvey.com,2021-12-25,42768.05,Marketing,1.65,True,44.0
547,Lee Reed,61,arthurhill@gmail.com,2022-08-17,62562.11,Finance,3.24,True,84.0
548,Jeanne Wilcox,63,bryan29@yahoo.com,2012-01-08,64347.54,Sales,4.09,True,50.0
549,Morgan Roberson,59,hhuff@yahoo.com,2019-03-26,115257.77,Sales,2.83,True,33.0
550,Paula Villanueva,31,bryantantonio@gmail.com,2011-03-06,53771.32,Legal,1.61,False,92.0
551,Vicki Martinez,63,qconner@lyons-thompson.biz,2018-11-13,72518.6,Marketing,1.8,True,9.0
552,Natalie Patterson,35,conniebradley@fleming.com,2015-10-01,103024.15,Operations,2.73,True,97.0
553,Dillon Bennett,40,cannonamy@perez.org,2017-10-16,103405.58,Operations,3.11,False,20.0
554,Ricardo Russell,49,ravenmanning@hotmail.com,2023-09-22,97530.89,IT,2.4,True,75.0
555,Kaylee Watts,43,esmith@kirk.com,2023-02-10,55905.04,Sales,4.13,False,31.0
556,David Foster,46,bauerrussell@yahoo.com,2013-07-08,74547.45,HR,4.0,True,94.0
557,Todd Gutierrez,31,ayalakeith@gmail.com,2021-10-10,46759.04,Finance,4.71,True,26.0
558,Melanie Roberts,25,carrie22@mcbride.biz,2020-08-01,46955.96,IT,1.12,True,5.0
559,Paige Stein,44,wallen@hotmail.com,2011-08-03,69225.71,Finance,4.58,False,97.0
560,Gregory Stevens,35,jessica98@hotmail.com,2019-01-17,96473.3,Marketing,2.57,True,6.0
561,William Miller,22,william44@yahoo.com,2019-02-07,77392.58,Legal,4.51,False,65.0
562,James Elliott,61,ritteradam@rodriguez.com,2013-11-29,109801.49,IT,3.76,False,8.0
563,Alison Aguilar,65,zsmith@gmail.com,2018-08-03,104781.79,Sales,4.95,False,88.0
564,Andres Chavez,48,marydavis@villarreal.com,2021-07-22,32844.49,IT,4.04,False,57.0
565,Charles Leach,46,victoriapeterson@bishop.biz,2014-08-01,81157.71,Finance,2.46,False,31.0
566,Mrs. Lauren Stanley MD,26,haroldnichols@salazar-cervantes.com,2023-10-28,84824.51,HR,3.0,True,57.0
567,Joseph Valenzuela,45,mirandarobinson@gmail.com,2023-12-07,116541.76,HR,2.51,False,90.0
568,Russell Carson,24,evansholly@yahoo.com,2016-07-23,32091.3,Legal,2.46,True,99.0
569,Sara Malone,25,mendozacourtney@ross.com,2012-03-21,77799.34,Legal,2.04,True,97.0
570,Leslie Jones,44,lesliesmith@hotmail.com,2014-11-16,48430.32,Legal,2.98,True,84.0
571,Jeffrey Riley,29,rebeccawong@lawson-atkins.com,2019-09-24,34829.66,Operations,3.73,True,17.0
572,Austin Miller,55,amanda59@hotmail.com,2017-10-01,82873.97,HR,2.11,False,76.0
573,Sean Salas,47,obell@yahoo.com,2014-11-17,99534.37,Marketing,3.1,True,80.0
574,Jimmy Hartman,38,trevinomarvin@gregory-french.com,2010-10-01,99737.89,Sales,1.47,True,65.0
575,Crystal Cantrell,47,wmoreno@yahoo.com,2011-10-13,32725.96,Legal,1.64,False,37.0
576,James James,46,fbryant@hotmail.com,2020-10-01,66625.18,Operations,1.19,True,1.0
577,Linda Cook,41,frances58@gmail.com,2017-03-05,34005.87,IT,4.88,False,76.0
578,James Garcia,27,william18@jones.com,2012-03-27,52305.48,HR,1.02,True,18.0
579,Sarah Compton,18,lblack@yahoo.com,2020-02-04,47359.26,Sales,1.71,False,44.0
580,Phillip Ponce,56,wattsdaniel@gmail.com,2023-02-27,49366.43,Sales,3.45,True,85.0
581,Allison Ortiz,37,chasegreer@gmail.com,2021-12-24,60520.66,Finance,1.33,False,45.0
582,Stanley Ramsey,25,gregross@gmail.com,2015-12-04,54967.62,IT,4.53,True,46.0
583,Rebecca Bonilla,56,mariadorsey@yahoo.com,2016-05-29,116605.19,Operations,3.88,True,38.0
584,Lisa Davis,21,wbennett@hotmail.com,2016-09-28,61716.64,HR,4.87,False,64.0
585,Alison Smith,48,thompsonthomas@yahoo.com,2020-09-20,110475.53,Legal,3.03,True,82.0
586,Alexandria Jackson,55,vanderson@gmail.com,2022-10-24,46293.75,IT,2.2,True,88.0
587,Kristen Bass,59,whitevincent@gmail.com,2023-10-16,98737.22,Marketing,3.2,True,32.0
588,Brent Richardson,23,gkerr@yahoo.com,2012-04-19,35521.1,IT,4.72,False,17.0
589,James Martin,34,stephanie27@yahoo.com,2017-07-03,71648.51,HR,3.08,False,2.0
590,Sandy Sullivan,44,jturner@white.com,2021-05-22,30495.94,IT,2.07,False,61.0
591,Terry Soto,49,tbradley@barnes.com,2018-06-14,102926.17,Sales,4.51,False,93.0
592,Gina Gordon,24,wedwards@yahoo.com,2018-11-01,115543.74,Sales,2.49,False,25.0
593,Linda Spencer,43,brownrobert@jones-weaver.biz,2012-11-21,33159.66,Finance,1.01,False,77.0
594,Colton Owens,29,spencerkayla@castaneda.org,2019-08-03,114046.17,Marketing,1.99,True,50.0
595,Patricia Reed,35,rachel97@davis-stephenson.com,2013-01-22,99646.85,Legal,2.27,True,43.0
596,Jerry Scott,49,xbarton@hotmail.com,2013-08-18,62297.54,IT,4.44,False,60.0
597,Kathleen Sullivan,49,ryanjohnson@schwartz.com,2018-08-18,111798.89,HR,2.83,True,38.0
598,Austin Carlson,38,scottbeth@simmons-moore.com,2014-04-15,56663.15,Marketing,2.78,True,56.0
599,Michele Baker,44,michaelwright@hicks-moreno.com,2023-02-06,66836.58,Sales,2.34,True,17.0
600,John Cantu,57,krichardson@yahoo.com,2020-05-02,38704.01,IT,4.52,True,60.0
601,Debra Reilly,28,shannon98@carter.com,2011-10-03,89124.51,Marketing,4.78,False,37.0
602,Michael Fisher,56,amurphy@hotmail.com,2011-11-24,32664.07,Sales,4.97,True,89.0
603,Mike Garcia,22,huynhdaniel@hodge.com,2016-10-25,73641.47,Operations,2.51,True,42.0
604,Peter Gregory,57,stephaniebarrett@hotmail.com,2022-02-23,91487.27,Operations,4.86,False,44.0
605,Laura Kelly,33,masonkristen@yahoo.com,2013-08-23,103911.38,Sales,4.17,True,81.0
606,Amanda Strong,31,tom09@hotmail.com,2013-06-05,43494.73,Marketing,3.7,False,77.0
607,Sarah Mendez,53,jmccormick@thomas.biz,2013-11-04,97868.13,Sales,1.98,False,48.0
608,Mrs. Traci Hartman,56,zavalabryan@clay.com,2022-11-06,94716.93,Operations,1.87,True,50.0
609,Laura Patel,29,faulknerdebra@gmail.com,2015-02-01,80361.35,Finance,1.66,True,74.0
610,John Armstrong,57,david04@gmail.com,2020-09-30,82618.01,Legal,4.69,False,51.0
611,Mary Miller,29,samantha85@gmail.com,2015-05-27,38214.36,Sales,2.18,True,89.0
612,Sara Stevenson,54,robert36@hotmail.com,2016-02-24,84042.39,Sales,2.81,False,64.0
613,Danielle Lang,36,merrittbobby@yahoo.com,2014-11-30,64337.0,Operations,2.98,True,38.0
614,Angela Hall,29,brandonparker@yahoo.com,2017-10-20,108082.28,Operations,4.11,False,86.0
615,Kenneth Rodriguez,52,perezgeorge@anthony-miller.com,2020-12-24,58178.9,Legal,4.38,False,96.0
616,Jeffrey Curtis,34,austin92@yahoo.com,2013-05-27,81893.56,IT,1.56,False,72.0
617,Richard Obrien,46,jennifer12@wilkinson-moss.com,2019-01-27,68391.43,Marketing,2.71,False,30.0
618,Mark Hernandez,27,wwilliams@contreras.com,2013-02-05,108863.57,Marketing,4.37,False,24.0
619,Kelly Williams,55,paynelisa@gmail.com,2017-02-24,52852.5,IT,4.27,False,55.0
620,Scott Scott,26,davisrenee@yahoo.com,2016-09-16,37092.21,HR,1.41,True,27.0
621,Alex Shepherd,35,lisa19@hotmail.com,2019-06-15,97379.01,Finance,1.63,True,33.0
622,Eric King,62,angelakelly@long-beck.com,2012-04-22,67160.7,Operations,2.22,False,65.0
623,Steven Wilson,46,westelizabeth@yahoo.com,2023-10-23,83018.85,Operations,1.3,False,21.0
624,Juan Bauer,43,kathleen24@dixon-trujillo.com,2014-11-06,32375.04,Finance,2.7,True,65.0
625,Karen Delgado,48,susanbray@oneal.info,2018-05-16,115689.88,Legal,1.43,False,17.0
626,Matthew Sanchez,55,paul79@conner.com,2019-08-02,108985.65,Finance,3.27,True,76.0
627,Amanda Brown,48,markpetty@yahoo.com,2010-07-26,86148.11,HR,1.99,False,66.0
628,Mrs. Angela Hoffman,36,geaton@mann.com,2018-08-11,31532.69,Marketing,3.39,True,96.0
629,Nicole Lopez,30,kayla72@hotmail.com,2011-12-08,64017.88,IT,1.47,True,68.0
630,Tracey Griffin,19,bakerjoel@gmail.com,2018-12-17,118091.69,Legal,4.9,True,99.0
631,Stephen Swanson,45,charles78@morrow.net,2013-04-08,91319.73,Finance,4.73,False,64.0
632,Andrea Mccarthy,28,richduane@yahoo.com,2020-11-18,44488.91,Marketing,2.57,True,82.0
633,Christine Russell,21,rtaylor@chen.com,2019-07-28,71453.71,Legal,1.97,True,60.0
634,Larry Hart,34,bwood@hotmail.com,2018-11-15,117006.4,IT,2.0,False,43.0
635,Joseph Thomas,45,john51@hughes.com,2014-12-21,78123.74,Legal,2.93,True,33.0
636,Robert Sellers,24,trevoryoung@rodgers.org,2013-04-01,32215.31,Sales,1.16,False,55.0
637,Christine May,18,castillocody@daniels-fisher.info,2017-07-27,85779.49,Marketing,3.56,False,38.0
638,Karen Randolph,25,matthewmorris@hotmail.com,2011-08-21,54409.49,Finance,2.63,False,58.0
639,Bruce Johnson,43,bruce21@cook.org,2015-01-31,38896.14,Operations,2.51,False,83.0
640,Isaac Day,21,mckenzie59@hebert.net,2020-01-11,66261.76,Operations,4.24,True,67.0
641,Rhonda Hendricks,54,richardsgregory@lee.com,2018-04-30,80267.08,Legal,3.84,True,6.0
642,Toni Vazquez,62,imorgan@simon-jones.org,2014-12-28,31533.66,Sales,4.82,False,93.0
643,Laura Walton,39,malvarez@yahoo.com,2019-03-18,80314.21,HR,2.41,False,24.0
644,Deanna Crosby,26,zelliott@yahoo.com,2010-06-27,76008.28,Legal,4.59,True,32.0
645,Patricia Martinez,65,beverett@gmail.com,2018-04-17,101451.75,HR,4.08,True,58.0
646,Bonnie Bell,56,bowenveronica@benson.org,2012-06-19,68119.48,Marketing,2.43,True,88.0
647,Richard Roberts,60,matthew98@lee.com,2017-11-11,79810.54,Legal,3.49,False,8.0
648,Ashley Parks,51,brendathompson@gmail.com,2019-07-28,96780.84,HR,2.15,False,2.0
649,James Wolf,54,kimberly51@carey.info,2017-03-30,110743.13,HR,4.5,True,25.0
650,Kayla Deleon,22,williamjohnson@yahoo.com,2014-11-09,64203.11,IT,1.45,False,76.0
651,Alexandra Pham,45,scott82@gmail.com,2024-01-25,84147.01,IT,1.85,True,13.0
652,James Pennington,31,ibowen@haynes.com,2017-07-01,92514.98,HR,1.73,True,32.0
653,Jordan Smith,31,maydaniel@gmail.com,2019-03-15,33894.36,Finance,2.61,False,
654,Amanda Williams,59,fred96@osborne.info,2014-07-24,102068.45,HR,3.98,True,27.0
655,Isabella Fox,26,youngjulie@hotmail.com,2017-10-16,63968.72,Legal,3.11,True,23.0
656,Randy Martin,24,fieldscheryl@adams.org,2021-01-04,90321.5,Legal,2.95,False,79.0
657,David Jordan,48,kingram@yahoo.com,2011-02-21,72449.77,Sales,1.0,False,22.0
658,Casey Harrell,30,maryfuentes@yahoo.com,2017-09-09,93210.52,Finance,2.7,True,84.0
659,Larry Pratt,52,christineacosta@yahoo.com,2017-01-15,95189.79,Legal,1.25,True,46.0
660,Keith Weaver II,21,chaveznancy@hotmail.com,2020-08-10,47241.39,IT,1.83,True,78.0
661,David Floyd,58,maryrogers@castillo-griffin.com,2010-08-25,89595.68,Legal,4.73,True,34.0
662,Ryan Ramirez,34,jeremy16@yahoo.com,2016-08-29,106619.11,IT,1.86,True,1.0
663,Amanda Roth,23,suzanne78@yahoo.com,2018-12-13,51201.05,Legal,4.43,True,86.0
664,Todd Cooper,58,vlindsey@lin.com,2014-07-04,98236.51,Operations,4.21,False,84.0
665,Douglas Quinn,47,brobbins@hotmail.com,2022-08-13,87044.26,Sales,1.64,True,2.0
666,Anna Wilson,40,woodtimothy@yahoo.com,2022-07-10,115961.34,Finance,3.42,False,2.0
667,Stephen Jensen,55,riverapeggy@yahoo.com,2023-02-04,53422.19,Marketing,1.46,False,77.0
668,Yesenia Dennis,41,walkerjames@pierce.com,2022-11-12,43885.0,Sales,3.91,True,21.0
669,Lawrence Tucker,54,randykeith@ruiz.org,2019-05-26,58090.89,Marketing,3.55,True,39.0
670,Stephanie Johnson,61,parkerjonathan@jennings.org,2016-12-16,53216.29,Marketing,4.25,True,30.0
671,Peter Harrington,52,xjohnston@yahoo.com,2010-09-11,98114.95,HR,2.92,False,50.0
672,Shannon Schmidt,24,robertbecker@harper-white.com,2021-10-06,95979.84,Marketing,4.66,False,63.0
673,Rebecca Quinn,24,valdezsteven@chavez.com,2021-11-26,90271.64,HR,1.2,True,94.0
674,Barbara Stewart,42,sandra96@callahan.com,2018-09-08,49474.12,Operations,2.17,True,46.0
675,Dr. Megan Anderson,30,xdavis@gmail.com,2014-05-09,107562.61,Legal,3.86,False,45.0
676,Samuel Taylor,35,conniebond@gray.com,2011-03-11,116091.44,Legal,2.67,True,11.0
677,Michael Martin,49,smithamanda@hotmail.com,2020-11-04,77844.52,Marketing,1.69,True,74.0
678,Stephanie Potter,55,robertsrichard@harrell.org,2014-12-08,88443.55,Legal,1.43,False,55.0
679,Jessica Walker,18,uwest@grant-rangel.com,2021-09-12,75062.29,Marketing,4.27,False,100.0
680,Megan Mckinney,28,davidwilson@medina.org,2019-06-27,55520.19,HR,2.89,False,14.0
681,Yvonne Barnes,62,karen68@yahoo.com,2019-04-26,55753.28,Operations,4.53,True,89.0
682,Michelle Austin,22,staceywilliams@jones-guerrero.com,2019-10-07,58207.85,Sales,3.93,False,3.0
683,Cody Gordon,49,richardgonzales@yahoo.com,2014-08-27,47176.5,Legal,2.64,True,98.0
684,Monica Williams,28,fisheredward@yahoo.com,2010-10-12,111173.13,IT,2.49,True,22.0
685,Billy Brown,47,hallvanessa@hotmail.com,2013-01-24,107255.83,Finance,3.06,True,1.0
686,Nicole Boyd,51,rogersjessica@yahoo.com,2014-06-22,71547.54,Marketing,4.56,False,76.0
687,Rachel Barnett,59,annarobertson@schmidt-bailey.com,2021-04-06,63052.63,Marketing,3.95,True,68.0
688,Margaret Martin,31,julia08@moore.com,2019-12-03,114517.05,Sales,1.02,True,34.0
689,Cheryl Wells,37,ygreene@gmail.com,2024-06-06,50013.61,Legal,3.78,True,45.0
690,James Porter,59,james62@gmail.com,2012-01-20,79818.78,Sales,4.68,True,94.0
691,Lawrence Mitchell,30,jsullivan@richards.info,2010-07-09,34904.83,Legal,3.84,False,26.0
692,Cole Le,62,hollandbarbara@yahoo.com,2023-07-03,47208.2,Legal,1.71,True,49.0
693,Jeffrey Gilbert,61,bgraham@hotmail.com,2018-09-23,84362.42,Sales,2.93,True,25.0
694,Stephen Peters,34,jesse80@yahoo.com,2017-12-31,89596.53,Marketing,1.56,True,40.0
695,Sean Garcia,55,joshua47@chen.com,2021-03-22,82289.62,Marketing,2.44,True,23.0
696,Rachel Khan,32,dawn31@ramos-stephens.biz,2022-10-17,108264.13,IT,4.75,True,22.0
697,Kevin Woods,54,xjones@sellers.org,2013-05-11,119406.47,Legal,4.69,True,63.0
698,Danielle Hale,22,ronald08@drake.info,2016-06-29,98747.57,Legal,2.13,False,84.0
699,Christopher Carter,65,lli@yahoo.com,2018-04-28,71858.26,Legal,2.36,True,19.0
700,Jennifer Burke,18,petersmith@hotmail.com,2020-06-22,105054.12,HR,3.4,False,78.0
701,Jason Phillips,55,rothsylvia@yahoo.com,2015-10-22,40834.87,Operations,4.85,False,75.0
702,Steven Hunt,29,cochrandaniel@gmail.com,2020-02-15,91494.36,HR,1.59,False,64.0
703,Andrew Archer,62,irodriguez@gmail.com,2022-09-27,76650.4,Operations,2.03,True,52.0
704,Sherri Mitchell,23,eric31@yahoo.com,2022-10-31,46025.93,IT,4.49,True,75.0
705,John Thomas,58,zacharylawson@hotmail.com,2013-01-24,117564.03,Finance,2.97,False,80.0
706,Nicholas Lee,64,gbrock@gmail.com,2016-03-26,60459.37,Marketing,4.6,True,29.0
707,Charles Lopez,34,wle@hendrix.com,2020-09-14,85388.11,Marketing,1.74,False,
708,Erin Allen,34,jamestimothy@yahoo.com,2013-12-31,109073.48,Finance,3.13,True,6.0
709,Paula Brown,28,lmcdaniel@morgan.com,2022-09-02,75602.0,Finance,2.31,True,55.0
710,Crystal Parker,23,johngonzales@yahoo.com,2013-09-02,40362.41,HR,2.27,False,77.0
711,James Savage,41,zsullivan@stone-horn.com,2013-07-27,103686.52,Sales,2.79,False,4.0
712,Dawn Fitzpatrick,65,grodriguez@norris.info,2020-03-15,61789.24,Legal,2.73,True,82.0
713,Zachary Webster,21,lewisdawn@hotmail.com,2016-01-25,118476.02,Finance,2.43,False,82.0
714,Nicole Cox,56,johnsullivan@hotmail.com,2020-05-08,109544.29,Legal,4.66,False,82.0
715,Henry Coleman,36,maryguzman@gmail.com,2020-10-09,106810.44,Finance,3.93,True,17.0
716,Joan Wright,48,mboyd@yahoo.com,2019-02-20,62062.79,Legal,3.91,False,64.0
717,Vincent Smith,34,wpatrick@gmail.com,2012-09-01,98141.68,Sales,2.16,False,10.0
718,Jennifer Ward,49,cherylmendez@yahoo.com,2010-12-25,118769.62,Sales,3.31,True,53.0
719,Deborah Lopez,60,donna30@gmail.com,2022-02-21,77368.95,Legal,4.12,False,39.0
720,Theodore Howard,65,mark01@pham.com,2018-12-16,72365.89,Sales,4.18,True,42.0
721,Ariel Guzman,39,charlestrevor@smith-wilson.com,2012-11-28,31319.92,HR,2.38,False,81.0
722,Eric Higgins,51,uwashington@lewis.com,2015-01-06,93018.34,IT,4.08,False,80.0
723,Sara Wall,28,noahramirez@gmail.com,2023-04-16,107262.98,Operations,3.94,True,79.0
724,Robert Rice,62,perezjohn@stephens.org,2022-06-19,52271.15,IT,1.57,False,24.0
725,Joshua Larson,49,michael68@wyatt.com,2017-11-20,58352.21,IT,4.46,False,91.0
726,Michael Carpenter,37,michaelroberts@hotmail.com,2013-10-13,75060.93,Finance,2.77,False,7.0
727,George Vang,20,laurie90@mckay.com,2021-08-04,36487.21,Operations,2.95,True,43.0
728,Ricky Wright MD,37,brianna65@davis-jarvis.com,2012-04-15,38067.82,Legal,2.79,False,17.0
729,Jerry Ray,49,charris@castaneda.com,2012-12-15,67899.97,Finance,3.27,True,40.0
730,Stephen Campbell,37,fbenjamin@mack.com,2012-12-25,53509.71,HR,3.48,False,84.0
731,Brady Gonzalez,57,adamstimothy@brooks-ruiz.com,2019-09-18,66543.36,HR,2.99,True,95.0
732,Cynthia Wu,57,kathryn30@martinez.com,2018-03-03,70894.77,Sales,4.47,False,35.0
733,Laura Chavez,51,natalie24@brooks-cantrell.com,2012-12-26,117864.61,Sales,3.51,False,62.0
734,Deborah Mckinney,62,mayaaron@miles.com,2011-11-17,114983.38,IT,2.61,True,61.0
735,Christopher Contreras,62,dorothy68@simmons.com,2022-10-15,42575.71,Sales,2.67,True,77.0
736,Jenna Mueller,48,jamesromero@hotmail.com,2019-11-03,109432.74,Legal,4.24,True,42.0
737,Kara Morales,57,davegriffin@byrd-sparks.com,2015-08-04,37218.6,Marketing,2.39,False,34.0
738,Mark Byrd,30,hicksdavid@gmail.com,2011-07-04,75687.19,Operations,1.85,True,82.0
739,Joseph Fitzgerald,34,elizabeth98@hotmail.com,2019-07-22,44751.89,HR,1.24,False,9.0
740,Michael Morse,34,chris10@gmail.com,2021-04-07,62930.29,Operations,4.5,False,58.0
741,Wayne Green,24,shepherdrachel@bennett.com,2011-04-28,96900.62,Operations,4.67,False,96.0
742,Luis Smith,22,aford@gmail.com,2016-04-16,68205.49,IT,1.48,True,20.0
743,Brian Norris,63,michaelhart@hotmail.com,2017-07-04,102625.62,Legal,2.34,False,13.0
744,Jeremy Ramirez,38,johnbooth@potts.info,2017-06-11,94693.41,Finance,1.7,False,65.0
745,Christopher Edwards,48,kevin97@gmail.com,2016-05-29,114855.55,Sales,1.46,True,33.0
746,Courtney Howard,30,sherrimanning@rosales.biz,2019-12-01,78074.04,HR,4.6,True,71.0
747,Christopher Miller,51,kbooth@wilson.com,2011-02-19,102193.32,Marketing,1.23,False,91.0
748,Gregory Bailey,44,thomascummings@juarez.com,2011-04-28,59061.64,Sales,4.92,False,51.0
749,Melissa Fisher,36,christina68@yahoo.com,2024-05-20,61117.13,Sales,1.39,False,77.0
750,Jaime Cole,24,richardking@mann.net,2011-02-13,66045.94,Sales,4.45,True,57.0
751,Cathy Perez,20,maria88@gmail.com,2020-11-06,66982.42,HR,3.27,False,53.0
752,Eugene Cantu,44,harry54@hotmail.com,2021-06-16,39292.79,HR,2.47,True,85.0
753,Marcus Moore,64,andrewross@brown.com,2023-06-27,76718.9,Sales,2.37,False,20.0
754,Michael Christian,43,amy60@gonzalez.org,2016-08-08,38712.29,Legal,4.03,False,77.0
755,Spencer Suarez,31,kyle53@hotmail.com,2012-12-17,110078.59,IT,2.26,True,53.0
756,Daniel Mendez,45,caseyschneider@jones-benitez.com,2019-07-24,35566.03,HR,3.63,False,98.0
757,Jeffrey Jacobs,55,toddcastro@yahoo.com,2011-04-10,70472.5,HR,3.07,False,16.0
758,Carolyn Kent,63,srobinson@taylor.biz,2021-11-15,55622.47,Marketing,2.94,True,87.0
759,Denise Evans,39,adriana89@pugh-kidd.com,2023-01-17,43938.25,Marketing,4.6,True,84.0
760,George Robinson,61,ogriffin@riggs.com,2012-03-29,100545.3,IT,3.22,False,99.0
761,Curtis Turner,23,uharrell@phillips.info,2021-02-19,94343.92,Operations,4.31,True,100.0
762,Andrew Russell,43,curtis18@gmail.com,2019-03-05,43135.31,Finance,3.9,False,14.0
763,Paul Hutchinson,30,hunderwood@le.com,2019-09-13,86948.91,HR,1.15,False,74.0
764,Marie Farmer,24,bakerlauren@wilson.info,2012-04-21,101329.97,Operations,4.09,False,98.0
765,Ebony James,65,johnsonmartin@hotmail.com,2011-01-16,99599.9,Marketing,1.87,True,14.0
766,Jeffrey Newton,27,meganevans@hotmail.com,2021-03-18,38305.16,Operations,4.61,False,23.0
767,Tyler Rose,28,aaron15@yahoo.com,2018-03-27,91696.14,Finance,1.17,False,95.0
768,Joshua Allen,26,jacobwilson@yahoo.com,2011-12-15,94442.15,IT,2.33,True,61.0
769,Kristen Poole,44,anne90@hotmail.com,2024-03-26,107594.96,Sales,1.4,False,37.0
770,Jose Moore,34,tmiller@gmail.com,2017-04-09,75723.99,Legal,2.9,False,87.0
771,Veronica Smith,49,darrellrojas@hotmail.com,2020-12-25,71498.46,Legal,4.28,False,93.0
772,Kenneth Carney,48,paulwalter@torres.com,2013-06-13,116860.47,Legal,2.19,True,12.0
773,Alexandra Johnson,55,kfritz@hotmail.com,2016-02-10,101686.1,Sales,1.6,False,87.0
774,Jason Allen,56,keith41@smith.com,2022-02-06,80285.79,HR,2.32,True,97.0
775,Pamela Wolf,24,ashley98@martin-cunningham.com,2020-11-09,59755.54,HR,4.26,True,54.0
776,Jennifer Lewis,24,lisastein@gmail.com,2010-08-27,106071.42,Marketing,1.56,True,33.0
777,David Harris,19,crystalreynolds@hotmail.com,2022-01-25,70989.28,Operations,1.91,False,35.0
778,Jaclyn Martinez,65,davisbobby@sherman.biz,2018-10-01,38341.67,Sales,1.28,True,100.0
779,Marcus Bell,19,matthewjackson@mclaughlin.com,2019-07-27,70941.38,Marketing,3.82,True,14.0
780,Kathy Perez,39,rrowe@nguyen-pacheco.biz,2022-01-05,108477.16,Operations,2.58,False,81.0
781,Joann Anderson,64,erickeller@gmail.com,2014-11-15,70345.39,Finance,2.24,False,45.0
782,Noah Calderon,18,iwilliams@wells-lopez.com,2023-07-07,31291.42,Operations,3.87,False,65.0
783,Chad Scott DDS,40,smithwhitney@turner.org,2019-09-20,85033.68,HR,2.34,True,68.0
784,Ann Myers,54,brandon11@gmail.com,2021-11-15,119624.7,Operations,3.91,True,9.0
785,Dr. Melissa Barber,44,aaron96@gmail.com,2022-09-14,103552.37,Operations,4.26,False,1.0
786,John Wilcox,38,waguirre@hotmail.com,2022-12-30,85551.42,Marketing,1.87,True,5.0
787,Larry Hodge,38,fgarcia@hotmail.com,2020-12-07,112295.9,Finance,4.9,True,77.0
788,Courtney Lewis,57,umendez@yahoo.com,2016-02-09,103222.35,Legal,1.65,True,1.0
789,Jason Kaufman,52,ibuckley@sullivan.info,2015-04-30,74877.54,Legal,2.16,True,99.0
790,Maria Ruiz,64,gluna@gmail.com,2018-09-02,83209.83,IT,1.72,True,17.0
791,Dawn Myers,48,carmen99@hotmail.com,2020-09-26,95816.35,Sales,2.38,True,15.0
792,Justin Rodriguez,45,nharris@romero.com,2014-09-12,106178.35,Legal,2.92,True,52.0
793,Jeremy Long,54,dixondennis@anderson.biz,2013-10-13,35235.88,Finance,3.09,True,49.0
794,Dylan Garcia,27,kennedychloe@yahoo.com,2020-11-24,99732.35,Operations,4.41,False,100.0
795,Robert Brown,26,ramirezkarla@perez-nelson.com,2017-11-14,70275.31,Legal,4.56,False,61.0
796,Michael Mcintosh,38,joannajohnson@salazar-frederick.com,2018-11-05,89471.87,Operations,1.88,False,3.0
797,Beverly Jensen,41,davenportpatrick@rios.com,2023-03-16,98816.97,Legal,3.49,False,40.0
798,Elizabeth Herman,57,sydney13@williams-bray.info,2017-09-06,78555.17,HR,1.45,True,80.0
799,Diane Nelson,61,mclaughlinkayla@gmail.com,2022-02-22,44266.34,Marketing,2.84,False,17.0
800,Anna Fuller,60,johnsonchristopher@boyd-brown.com,2019-07-17,66857.41,Legal,2.29,False,10.0
801,Kelly Hall,31,caldwellrenee@yahoo.com,2015-12-11,36918.57,Legal,2.27,True,89.0
802,Michael Hall,65,erollins@thomas-mayo.net,2012-06-24,92037.06,IT,2.93,False,50.0
803,Lindsay Brown,27,jamie64@yahoo.com,2016-04-24,115833.56,HR,3.92,False,82.0
804,Kimberly Phillips,45,thomasalvarez@gmail.com,2021-08-05,101572.75,Legal,1.28,True,74.0
805,Daniel Hawkins,44,ywilson@gonzalez-meyer.com,2020-05-13,65080.78,Sales,4.52,False,95.0
806,Jeremiah Lloyd,55,garciaadam@yahoo.com,2015-12-25,82586.23,Sales,3.94,False,28.0
807,Douglas Salinas,52,charles19@yahoo.com,2012-07-12,57378.06,Finance,1.71,True,6.0
808,Shelby Benjamin,24,yharrison@gmail.com,2024-01-21,78694.1,Legal,4.76,False,26.0
809,Christopher Roberson,59,bmyers@barron.com,2019-01-24,57065.42,IT,3.03,False,52.0
810,Kelly Mckinney,63,sierrachen@hotmail.com,2012-02-01,96449.23,Sales,5.0,False,3.0
811,Charles Ford,55,gvang@lang.com,2021-09-09,53340.74,Finance,1.79,False,6.0
812,Jeffrey Herrera,24,marybeard@williams.com,2012-08-20,116761.84,Legal,3.14,False,76.0
813,Tyler George,39,jamesmendez@gmail.com,2021-04-09,89575.39,Operations,2.16,False,100.0
814,Joshua Torres,21,weisstyler@gmail.com,2020-06-02,36190.01,HR,2.22,False,51.0
815,Cody Perez,29,thomasstuart@thompson.info,2010-10-10,30970.0,HR,3.36,True,16.0
816,Amanda Knight,60,kgordon@hayden.org,2024-05-28,119734.17,HR,4.69,True,71.0
817,Lisa Moody,29,awilliams@velasquez.com,2017-09-13,49845.5,Sales,4.22,True,93.0
818,Daniel Duncan,47,ronaldjones@peterson.info,2022-03-13,58130.65,Finance,3.9,True,90.0
819,Michael Banks,32,leah54@yahoo.com,2018-05-01,48757.26,HR,3.24,True,38.0
820,Melissa Burns,37,thomaswong@smith-knight.com,2011-08-18,113529.16,Marketing,4.69,True,52.0
821,Joshua Olson,44,tfields@yahoo.com,2016-08-03,88681.16,Operations,2.97,True,51.0
822,Carlos Barnes,61,danny57@branch.com,2015-04-04,75394.77,Marketing,4.5,False,69.0
823,Anthony Sutton,34,andersonelizabeth@harvey.net,2016-10-24,80188.57,Marketing,4.34,True,7.0
824,Leslie Jones,53,hahnstanley@gmail.com,2017-03-07,58608.56,IT,1.86,False,95.0
825,Darlene Martin DDS,35,ksimmons@hall.org,2014-11-13,85275.75,IT,4.08,True,57.0
826,Zachary Harrison,34,youngkenneth@gmail.com,2013-08-04,67764.03,HR,1.05,True,69.0
827,Amy Stein,28,mark62@flores-coleman.info,2022-09-07,47930.53,Legal,2.29,True,18.0
828,Shannon Shaw,27,pknapp@miller.net,2013-05-13,89094.46,Legal,1.92,True,71.0
829,Christopher Montgomery,53,econner@carr-johnson.com,2016-03-14,63645.65,Operations,3.03,False,16.0
830,Whitney Solomon,43,icastro@williams.com,2020-05-29,100655.97,Legal,3.95,False,82.0
831,James Flores,44,joshua35@hotmail.com,2021-05-22,67385.55,Marketing,1.39,False,26.0
832,Cesar Barnes,33,robertcampbell@norris.com,2013-12-08,75744.42,Operations,3.06,True,75.0
833,John Stein,45,christopher64@hotmail.com,2013-01-16,100871.98,Marketing,4.75,False,21.0
834,James White,22,qriley@hotmail.com,2023-05-14,70309.03,Sales,1.91,False,11.0
835,Gary Larson,56,kathryn16@yahoo.com,2022-06-27,116959.9,Marketing,3.71,False,73.0
836,Jennifer Reed,39,hutchinsonamy@friedman.com,2011-01-04,101372.58,Finance,3.37,False,60.0
837,Dr. Andrew Anderson,57,dreynolds@hotmail.com,2021-09-12,104378.74,HR,1.04,True,36.0
838,Maria Thompson,41,marcus39@torres.biz,2015-06-23,115852.84,IT,2.9,True,34.0
839,Jaime Smith,62,brooksbrian@hotmail.com,2012-07-26,64996.56,Sales,3.84,True,32.0
840,Kelsey Ruiz,56,msmith@yahoo.com,2011-02-07,82207.22,Marketing,1.18,True,27.0
841,Mr. Ryan Miller,61,michaellevine@gmail.com,2021-11-04,92423.26,Sales,4.52,True,51.0
842,Eric Hill,61,pam08@gmail.com,2013-12-24,90611.26,HR,3.08,True,87.0
843,Darryl Edwards,40,xgomez@combs.com,2022-03-22,115764.31,HR,1.12,False,1.0
844,Mark Colon,46,reidmelissa@yahoo.com,2014-02-18,55951.38,Sales,1.9,True,81.0
845,Randall Reynolds,64,lmiller@sandoval-wyatt.org,2011-10-02,56222.54,HR,4.81,False,6.0
846,Douglas Harris,61,deborahpacheco@hotmail.com,2012-01-11,112620.4,HR,3.33,False,67.0
847,Alexander Sanford,24,haleyglenn@hotmail.com,2015-10-23,101937.51,Sales,1.43,False,99.0
848,Ashley Garcia,31,laura21@shaw.com,2022-08-26,48302.1,Legal,2.15,True,99.0
849,Gerald Perry,31,farleybelinda@yahoo.com,2021-06-24,81304.22,IT,2.83,True,8.0
850,Carrie Blanchard,35,sheilagarcia@gmail.com,2013-03-05,97118.74,Operations,1.08,False,1.0
851,Madison Miller,58,susan68@alexander-maxwell.com,2017-02-09,61773.28,HR,2.65,True,81.0
852,Colin Haynes,48,jacobhorton@yahoo.com,2010-12-24,69094.4,Legal,2.96,False,36.0
853,Susan Holmes,22,eclark@yahoo.com,2024-05-05,81785.7,Sales,1.97,True,19.0
854,Kimberly Cunningham,36,jennifer68@bell.com,2011-04-14,72039.77,Sales,3.35,False,98.0
855,Donna Gomez,20,kristinthompson@yahoo.com,2010-12-01,97773.82,Operations,4.01,True,18.0
856,Cynthia Huynh,45,lmcintosh@wright.com,2017-11-09,30534.49,Sales,1.94,False,97.0
857,Brittany Phillips,26,bethanyclayton@mcintosh.info,2018-06-04,69116.93,HR,3.48,False,64.0
858,Christopher Sosa,61,ysmith@yahoo.com,2015-11-13,60382.32,Sales,3.56,True,17.0
859,Shelby Castaneda,33,andrea39@cannon-olson.biz,2014-03-02,84824.76,Legal,4.79,False,14.0
860,Amy Perry,41,harriskathy@alexander-gardner.com,2019-08-31,99836.26,Finance,4.11,True,42.0
861,Brian Ewing,65,jmiller@hotmail.com,2015-06-11,36853.06,Operations,4.39,False,
862,Eugene White,48,ana44@klein.com,2013-06-12,44225.38,Finance,2.96,True,94.0
863,Spencer Jackson,31,alexanderjames@lyons.biz,2021-02-28,89857.35,HR,1.74,False,41.0
864,Christina Rodgers,46,jamieanderson@hansen-butler.com,2010-06-29,96456.22,Finance,4.98,False,18.0
865,Robert Jensen,64,jamesvaughn@kim.org,2012-01-15,82938.16,HR,1.52,False,42.0
866,Kyle Brown,32,ruizshawn@hotmail.com,2023-01-13,118452.3,HR,2.89,False,74.0
867,Karen Bridges,64,tmedina@hotmail.com,2015-09-30,74951.53,Finance,1.27,False,96.0
868,Brandi Cooke,63,david55@butler.com,2010-10-22,42266.31,Operations,4.78,True,8.0
869,Thomas Anderson,51,david99@peterson.com,2024-02-22,91766.2,HR,4.86,True,11.0
870,Michael Mahoney,22,camachomonica@cline.com,2022-10-22,84186.8,Finance,3.88,False,47.0
871,David Wilkins,28,iwilliams@hotmail.com,2016-11-18,83137.93,Finance,2.4,True,26.0
872,Samantha Jordan,36,davidsellers@hotmail.com,2017-03-24,79126.83,IT,2.02,False,32.0
873,Shawn Miller,54,banksnatasha@parks-savage.net,2022-10-22,114518.61,HR,2.06,True,57.0
874,Nathaniel Lester,26,isimon@barnes-smith.com,2024-02-12,41624.08,Legal,1.51,False,42.0
875,Beverly Robinson,27,obuckley@hotmail.com,2013-08-15,36587.76,IT,3.1,True,87.0
876,Alexis Walker,64,reyesjoe@yahoo.com,2023-02-07,43870.55,Legal,1.57,True,62.0
877,Ethan Mcknight,31,fayala@martinez.com,2010-08-29,52049.12,Finance,2.27,False,60.0
878,Joanna Wood,30,kimberly29@hotmail.com,2014-06-24,83365.17,HR,3.51,False,68.0
879,Brooke Lee,47,christinabrooks@johnson.biz,2015-04-21,85118.27,Marketing,3.91,False,67.0
880,Ariel Hardy,32,lisa72@yahoo.com,2018-11-05,50934.17,IT,1.1,True,10.0
881,Kevin Jackson,58,dharper@hotmail.com,2010-12-29,74030.29,IT,2.72,False,10.0
882,Sara Spence,31,michaelmoss@hudson.biz,2024-01-27,73385.57,HR,3.61,False,40.0
883,Lauren Hancock,27,nathan83@gmail.com,2022-04-07,70779.97,IT,4.41,True,56.0
884,Lawrence Marquez,64,stevensangel@gmail.com,2018-11-28,102319.08,Operations,2.9,True,49.0
885,Karen Hernandez,30,yucatherine@scott.com,2019-08-27,72452.38,Operations,4.88,False,99.0
886,Mark Watson Jr.,55,hbrown@hotmail.com,2010-10-27,98252.89,Operations,2.06,True,51.0
887,Sean Byrd,47,hestermarie@jones-ford.com,2023-07-21,44983.3,HR,1.05,False,69.0
888,Joshua Rodriguez,63,nicolasbolton@yahoo.com,2019-04-13,77877.06,Operations,2.94,True,61.0
889,Gloria Rogers,29,matthew96@jones.com,2010-09-06,104169.43,HR,2.02,True,70.0
890,Jerry Robinson,62,cwarner@yahoo.com,2017-12-21,45994.49,Finance,4.29,True,54.0
891,Krystal Scott,59,amydaniel@adams.com,2011-12-02,71843.0,Finance,1.93,True,66.0
892,Susan Joyce,42,oknox@gardner.com,2014-12-04,84817.14,Operations,2.24,True,9.0
893,Clifford Freeman,26,kyle30@hotmail.com,2011-02-26,46629.71,HR,4.16,True,28.0
894,Brandi Phillips,33,garrisonriley@small.com,2018-12-31,98108.9,Marketing,3.86,True,18.0
895,Shelby Martinez,50,jeffrey94@jones.org,2013-05-19,37109.66,IT,3.23,False,82.0
896,Heather Welch,62,brianawhite@thompson.org,2017-06-04,115177.4,Legal,3.82,False,51.0
897,Miguel Snyder,34,zneal@gmail.com,2018-06-21,72139.93,IT,2.67,True,65.0
898,Willie Noble,62,qthompson@yahoo.com,2017-08-17,60251.08,IT,1.02,False,40.0
899,Charlene Gomez,29,chadkhan@roth.info,2010-08-14,40512.63,Sales,1.05,False,18.0
900,Jonathan Romero,33,michaelmiller@yahoo.com,2020-09-20,68933.7,HR,3.04,False,9.0
901,Angela Archer,43,evanselizabeth@gmail.com,2013-02-02,89382.36,Sales,1.33,True,18.0
902,Michael Brock,39,dale72@hotmail.com,2017-05-11,38503.86,Finance,1.2,True,19.0
903,Raymond Williams,40,jaime68@west.org,2012-03-31,57564.22,Operations,4.86,True,4.0
904,Mike Ellison,35,jennifer66@gmail.com,2019-08-03,105241.58,Finance,4.44,True,49.0
905,Sandra Powers,46,pwalker@white.info,2024-04-28,88156.29,IT,1.61,False,82.0
906,Caleb Gonzalez,45,tonihaas@doyle.com,2017-03-03,48573.57,HR,1.0,False,72.0
907,Nathan Rojas,62,danielwilliams@cooper-miller.org,2011-07-09,44481.88,IT,4.77,False,14.0
908,Phyllis Mayo,26,ethan40@yahoo.com,2013-02-26,111403.65,Finance,2.11,True,85.0
909,Tina Baldwin,45,brandi95@moore.com,2024-02-29,55831.82,Finance,1.74,True,8.0
910,Tammy Stewart,46,tcline@hill.com,2015-07-06,46155.02,Sales,3.77,False,67.0
911,Ryan Ware,57,nlambert@yahoo.com,2017-10-23,119996.76,Finance,1.44,False,34.0
912,Juan Vasquez,61,keithtaylor@yahoo.com,2014-07-03,57827.26,Finance,2.06,False,72.0
913,Jordan Blair,57,mwood@gmail.com,2020-08-01,41226.62,Marketing,4.9,True,38.0
914,Karen Atkins,53,timothyhenderson@evans.com,2022-02-07,71558.19,Operations,3.56,True,45.0
915,Joseph Simmons PhD,48,milleraaron@williams-bernard.com,2015-08-28,69091.06,Finance,3.08,False,85.0
916,Matthew Franco,59,jessica42@hotmail.com,2019-08-07,113412.22,IT,2.59,False,93.0
917,Anthony Holloway,27,gsimpson@warner.com,2020-08-30,42078.45,Marketing,4.1,True,61.0
918,Steven Williams,61,derekpalmer@klein-koch.org,2020-05-05,38202.28,HR,1.56,False,51.0
919,Tiffany Mitchell,35,klee@yahoo.com,2012-05-11,38368.08,HR,4.87,False,75.0
920,Stephanie Simon,34,marthagrant@stevens-scott.com,2021-04-07,111385.87,Marketing,4.44,True,40.0
921,Jessica Delacruz,18,susan56@hotmail.com,2015-05-05,70443.23,Marketing,3.47,True,95.0
922,Melissa Young,44,onealtiffany@robinson-robinson.com,2016-02-09,43554.59,Finance,1.17,False,85.0
923,Kimberly Hernandez,25,vanessa24@conley-tate.biz,2018-08-08,83444.71,IT,3.8,True,79.0
924,Matthew Cordova,36,russellkayla@wilson-roach.com,2013-03-25,78386.1,Sales,4.65,False,59.0
925,Jose Henderson,29,anthony58@hotmail.com,2013-02-04,47856.61,IT,3.1,False,65.0
926,Joann Campbell,30,tracy43@gmail.com,2017-02-24,84273.43,IT,2.42,False,44.0
927,Amanda Simmons,31,jamie12@yahoo.com,2022-08-05,60620.81,Legal,1.48,False,29.0
928,Carl Lucas,26,adamwhitaker@walker.com,2012-07-06,51453.37,IT,4.02,True,99.0
929,Daniel Berg,58,areed@gmail.com,2011-02-07,75936.05,Finance,4.54,True,64.0
930,Denise Carter,36,pricemary@gmail.com,2015-11-14,56248.43,Marketing,1.4,False,4.0
931,Tracy Medina,35,allenderrick@ballard.biz,2023-04-28,49992.59,IT,4.04,False,92.0
932,Carolyn Edwards,60,jessica72@gmail.com,2013-02-26,109175.02,IT,1.07,False,49.0
933,Kayla Thompson,62,hughesjoshua@gmail.com,2023-11-17,44018.63,Legal,4.87,True,100.0
934,Ashley Sloan,52,misty21@yahoo.com,2013-10-08,55253.1,IT,3.46,False,46.0
935,Shelby Burton,29,phillip17@garcia.com,2021-04-23,64752.45,Finance,3.21,False,43.0
936,Elizabeth Johnson,41,kingeric@mathews.com,2024-05-18,54627.45,Finance,2.18,False,65.0
937,Julia Stewart,24,gfletcher@gmail.com,2024-05-12,48963.96,Sales,4.72,False,
938,Zachary Reyes,32,enolan@gmail.com,2016-12-31,99403.15,Operations,2.06,False,31.0
939,Mary Williams,64,james76@hotmail.com,2023-07-05,59611.45,HR,4.31,False,73.0
940,Brianna Griffin,61,rlynch@booker.com,2023-09-07,40126.17,Legal,4.94,False,9.0
941,Sarah Chambers,19,jennifer30@case.com,2015-04-14,78680.56,IT,4.13,True,60.0
942,Bryan Floyd,32,lisaweber@gomez-taylor.com,2015-01-22,41293.96,Marketing,3.08,False,14.0
943,Cassidy Shaw,55,lisa81@farrell.com,2018-03-23,62176.76,HR,1.26,False,47.0
944,Elizabeth Fitzgerald,24,danielramirez@velasquez.com,2018-01-26,109364.41,Sales,2.89,True,55.0
945,Christopher Elliott,65,ivillanueva@hawkins.com,2020-01-28,63224.51,HR,2.75,False,98.0
946,Jacob Stanley,62,josephgraves@burns-lara.org,2012-05-01,86925.81,Operations,1.81,True,79.0
947,Benjamin Pope,27,matthewbarron@macdonald.com,2019-04-21,76316.3,HR,2.69,False,31.0
948,Kyle Wilson,21,uskinner@gmail.com,2017-04-28,42395.24,IT,2.43,True,69.0
949,Angela Weaver,27,ronald10@mccoy.com,2015-11-03,88416.26,Sales,1.65,True,3.0
950,Joshua Hill,52,porterchad@yahoo.com,2017-12-11,107043.15,Finance,2.77,False,66.0
951,Michael Watkins,48,maryhopkins@pacheco.com,2011-06-14,38389.12,Marketing,2.05,False,64.0
952,Regina Brown,19,eweiss@rodgers.org,2011-05-06,97831.21,Sales,3.09,True,14.0
953,Sarah Baldwin,56,regina56@winters.com,2021-07-25,92119.02,Operations,1.14,True,5.0
954,Kenneth Martin II,32,eric02@johnson.info,2012-10-02,107999.45,IT,4.62,False,72.0
955,Kenneth Herring,34,jacksonkelsey@berry-brown.net,2022-01-11,39368.27,Marketing,4.27,False,45.0
956,Melinda Velazquez,48,amy74@hotmail.com,2014-06-26,57512.58,Sales,3.21,False,5.0
957,Luke Berry,31,caleb55@guzman.com,2016-05-13,92486.23,Finance,4.41,False,46.0
958,Dylan Stewart,40,johnsonkimberly@murphy.info,2013-01-03,31981.62,Operations,4.85,True,23.0
959,Austin Rose,64,knappmackenzie@hotmail.com,2016-01-22,96066.81,Finance,1.44,False,43.0
960,Natasha Johnson,53,snicholson@gmail.com,2021-12-18,107218.07,HR,3.52,False,34.0
961,Kelly Weaver,41,johnsonjoe@lester.info,2011-10-14,70797.36,IT,4.99,False,62.0
962,Andrew Riley,55,anatate@johnson.net,2022-03-04,69089.69,Sales,4.95,True,61.0
963,Melissa Miller,47,fmoses@gmail.com,2014-08-15,55062.21,Operations,3.41,False,96.0
964,Kayla Campbell,63,jerrydavis@lane.com,2014-09-03,30454.67,Finance,1.51,True,53.0
965,Samantha Russell,60,sanchezdaniel@daniel.com,2020-07-17,46767.32,Operations,3.33,True,
966,Erin Morris,44,allenheather@walker.net,2024-04-07,118187.77,Marketing,1.01,False,82.0
967,Steven Brown,36,vjones@jones-wilson.com,2017-07-02,108055.75,HR,1.8,False,98.0
968,Ashley Bishop,40,samanthamcdowell@baker-hartman.com,2022-01-19,53985.42,Sales,4.82,False,30.0
969,Jason Torres,24,tranvictor@williams-mccarty.com,2017-01-02,116737.4,Sales,2.32,True,83.0
970,Jamie Welch,28,pateljames@gmail.com,2024-01-26,63094.14,HR,3.55,False,83.0
971,Shannon Cruz,61,felliott@steele-brown.com,2010-07-21,56782.68,Sales,2.12,True,61.0
972,Amanda Estes,19,kristin15@yahoo.com,2022-07-02,43752.69,Operations,4.79,True,95.0
973,Shannon Morrison,27,kathrynramirez@hotmail.com,2010-11-24,111145.0,Finance,3.91,False,92.0
974,Michele Kelley,44,apeterson@wilson-phillips.com,2014-12-20,118829.32,Sales,2.32,True,44.0
975,Jasmine Rowland,33,jessica53@reed.com,2020-07-14,59467.03,IT,4.17,False,87.0
976,Connie Stevens,35,brandon97@perez.net,2024-05-18,93308.74,Finance,1.43,True,100.0
977,Mia Rowland,37,michael47@yahoo.com,2017-06-18,60177.31,Finance,2.57,False,92.0
978,Amber Sheppard,37,gomezfrank@franklin.info,2012-07-09,39449.17,Sales,1.88,True,20.0
979,Steven Zhang,19,donnamullins@gmail.com,2015-03-07,65342.31,HR,3.73,True,5.0
980,Brian Savage,45,kelly28@mason-horton.com,2023-12-18,79641.3,IT,1.41,True,97.0
981,Lisa Snyder,54,garciacharles@yahoo.com,2017-11-25,41071.51,Legal,2.59,False,94.0
982,Billy Cantu,53,zcisneros@parker.net,2016-02-02,103644.55,HR,2.11,True,61.0
983,Sara Thomas,27,bmathews@hotmail.com,2014-07-22,74762.68,Finance,3.03,True,67.0
984,Frederick Owen,59,patrickroberts@hartman.com,2023-11-07,51094.47,HR,2.4,True,84.0
985,Penny May,31,patrickgarcia@jones.com,2020-12-27,83348.36,Marketing,3.83,True,21.0
986,Kathleen Freeman,24,joshua37@yahoo.com,2021-11-28,101393.34,Marketing,1.1,False,49.0
987,John Johnson,42,jamesjones@williams-kelley.com,2014-01-15,59486.19,Operations,3.54,True,89.0
988,Larry Benjamin,28,danielle07@anderson.com,2010-12-24,93132.87,IT,1.92,True,36.0
989,Michael Nelson,61,oliverchristie@white.biz,2022-07-09,68507.33,Legal,2.07,True,87.0
990,Sarah Walker,55,richard86@campbell.net,2023-10-09,116764.61,Operations,4.2,True,74.0
991,Elizabeth Holmes,23,jason77@fox.com,2012-07-29,99384.61,Sales,4.82,True,61.0
992,Carmen Valencia,58,bowmandonna@reeves.org,2019-10-13,62071.58,Sales,2.27,False,27.0
993,Chad Cantrell,33,james01@hotmail.com,2015-12-24,31597.32,IT,4.31,True,3.0
994,Danielle Caldwell,32,christopherwright@silva.net,2015-05-27,89176.79,Legal,1.42,True,90.0
995,Jennifer Delgado,39,lindalopez@wise.com,2021-07-26,47808.49,Sales,3.54,False,58.0
996,Robert Bowers,18,hansentara@hotmail.com,2024-02-12,40969.13,Sales,4.0,True,79.0
997,Ann Dennis,53,aoconnor@moore-williams.com,2015-03-22,113859.88,IT,1.62,True,76.0
998,Raymond Robinson PhD,51,kenneth71@hotmail.com,2014-11-18,119995.41,IT,2.7,True,85.0
999,Elizabeth James,32,harperkevin@yahoo.com,2024-03-01,54289.99,Sales,4.57,True,22.0
1000,Haley Reynolds,24,xfritz@green.biz,2023-02-04,57159.17,Finance,1.41,False,78.0
